Price,Close,High,Low,Open,Volume
Ticker,SBC.NS,SBC.NS,SBC.NS,SBC.NS,SBC.NS
Date,,,,,
2021-11-23,1.8872026205062866,1.8872026205062866,1.44002944758296,1.6270896765150462,731385
2021-11-24,2.0753698348999023,2.0753698348999023,2.06872841924112,2.06872841924112,997200
2021-11-25,2.282353162765503,2.282353162765503,2.1451017790725,2.167238876838813,5883705
2021-11-26,2.5103673934936523,2.5103673934936523,2.3465510534715586,2.3465510534715586,4419045
2021-11-29,2.4018945693969727,2.6221601871980766,2.385291152399863,2.5457864165705475,5738760
2021-11-30,2.463878631591797,2.501512364756208,2.2923150462696795,2.2923150462696795,5510385
2021-12-01,2.430673360824585,2.5136878427760894,2.412963158161312,2.5136878427760894,4140900
2021-12-02,2.3886115550994873,2.5225425900173613,2.379756335840363,2.435100031166559,4150935
2021-12-03,2.3753294944763184,2.4362068719928516,2.2823532526818884,2.2823532526818884,3059595
2021-12-06,2.3299477100372314,2.4295656102047465,2.3055972800149522,2.349871242569286,3821805
2021-12-07,2.379756450653076,2.42181826914877,2.324413940192958,2.32994762122161,1125630
2021-12-08,2.4406349658966064,2.498191042560886,2.379756400615556,2.379756400615556,1626615
2021-12-09,2.387505054473877,2.5502146212435175,2.318879234645372,2.322200536029324,1458900
2021-12-10,2.463878631591797,2.478267532125706,2.3753295234367737,2.390826157692852,1684710
2021-12-13,2.5004055500030518,2.586740377177442,2.4450618533907744,2.5136876666787233,1086750
2021-12-14,2.540252685546875,2.611091830722185,2.5015124055644598,2.5015124055644598,1685745
2021-12-15,2.562389850616455,2.6664346473677494,2.535824903297909,2.5679235318078364,1306260
2021-12-16,2.557961940765381,2.6664348299313807,2.556855156949878,2.6664348299313807,919935
2021-12-17,2.4937644004821777,2.5878471984281655,2.4649856466838527,2.5878471984281655,1705410
2021-12-20,2.4129631519317627,2.5125810525323207,2.3908262893119874,2.493764303667836,1061595
2021-12-21,2.494870662689209,2.5125808639777114,2.4904437655119533,2.5103672966354713,714105
2021-12-22,2.5214359760284424,2.53361130956095,2.5214359760284424,2.5313977421044416,940995
2021-12-23,2.5657103061676025,2.58231348798206,2.5634967385981415,2.5812067041973297,1271835
2021-12-24,2.5878469944000244,2.612198611089862,2.5679234625786673,2.6044504125989563,1024830
2021-12-27,2.7162435054779053,2.7162435054779053,2.624374041464862,2.6786100078633464,111645
2021-12-28,2.8512814044952393,2.8512814044952393,2.8512814044952393,2.8512814044952393,500535
2021-12-29,2.992959499359131,2.992959499359131,2.992959499359131,2.992959499359131,8369955
2021-12-30,3.1423861980438232,3.1423861980438232,3.141279414351106,3.1423861980438232,5673465
2021-12-31,3.2984542846679688,3.2984542846679688,3.2575004385950996,3.2984542846679688,7247565
2022-01-03,3.463376760482788,3.463376760482788,3.463376760482788,3.463376760482788,949590
2022-01-04,3.6360483169555664,3.6360483169555664,3.4633767484553126,3.6360483169555664,18517230
2022-01-05,3.8031837940216064,3.8175736454477014,3.591773132973036,3.8175736454477014,10076085
2022-01-06,3.9891374111175537,3.992457762340345,3.7367726676351483,3.8408174644998194,18459270
2022-01-07,4.188372611999512,4.188372611999512,4.068831421226655,4.188372611999512,11619540
2022-01-10,4.3975701332092285,4.3975701332092285,4.3975701332092285,4.3975701332092285,7476705
2022-01-11,4.17841100692749,4.616729173398488,4.17841100692749,4.616729173398488,39283200
2022-01-12,3.970320224761963,3.970320224761963,3.970320224761963,3.970320224761963,1000530
2022-01-13,3.7721915245056152,3.7721915245056152,3.7721915245056152,3.7721915245056152,407025
2022-01-14,3.584024429321289,3.584024429321289,3.584024429321289,3.584024429321289,2013030
2022-01-17,3.7622299194335938,3.7622299194335938,3.4058196629439905,3.409140726722242,9200070
2022-01-18,3.8419241905212402,3.940435067201272,3.7633366084148383,3.940435067201272,4455945
2022-01-19,3.865169048309326,3.9249396449308755,3.741199532604757,3.9249396449308755,2466990
2022-01-20,3.672574043273926,3.829748974813291,3.672574043273926,3.829748974813291,2182050
2022-01-21,3.760016441345215,3.855206965500337,3.4899417408578755,3.497689939339655,3861945
2022-01-24,3.598414421081543,3.936008156614559,3.5729562579428094,3.9182979545344394,1690065
2022-01-25,3.7312376499176025,3.763336514688078,3.4191023217578236,3.475551852899917,1444230
2022-01-27,3.631620168685913,3.7179559514344835,3.5452843859373426,3.5452843859373426,1523655
2022-01-28,3.7810466289520264,3.813145255473009,3.4500943230501644,3.6316199080151996,4913370
2022-01-31,3.914977788925171,3.9404350016971232,3.81646667637551,3.8961610408814082,11217825
2022-02-01,3.7201693058013916,4.028984537426409,3.7201693058013916,4.028984537426409,1960740
2022-02-02,3.72348952293396,3.874022796402873,3.5463920151904604,3.6017347636972703,1582515
2022-02-03,3.605055093765259,3.7190628488348585,3.5419643804307106,3.6094831789318937,1758150
2022-02-04,3.576277256011963,3.628299652533853,3.433491233342486,3.6061625534847543,3031380
2022-02-07,3.6172311305999756,3.6958187116004644,3.3980722807945223,3.5762772832902563,6957765
2022-02-08,3.6471168994903564,3.757803115193829,3.6305134802449754,3.688070749424119,4354785
2022-02-09,3.5408575534820557,3.6526505520837937,3.4655903193785447,3.647116870736457,3701700
2022-02-10,3.416889190673828,3.564101168701551,3.364865841262927,3.564101168701551,2573460
2022-02-11,3.268569231033325,3.5419642947644245,3.246431180808084,3.475552044146654,4910535
2022-02-14,3.1058595180511475,3.2763163213520543,3.1058595180511475,3.2763163213520543,2425590
2022-02-15,2.950899124145508,3.0328068187696053,2.950899124145508,2.9885326203311857,1694610
2022-02-16,3.098112106323242,3.098112106323242,2.8036860208217593,2.8036860208217593,4028670
2022-02-17,3.250859260559082,3.2519660443149148,3.1656302611571423,3.2519660443149148,8895330
2022-02-18,3.320591688156128,3.342728788738423,3.256393003934129,3.320591688156128,5595975
2022-02-21,3.2652478218078613,3.3870037689209713,3.1545616119632256,3.3870037689209713,11063250
2022-02-22,3.4312779903411865,3.4312779903411865,3.4312779903411865,3.4312779903411865,96043
2022-02-23,3.5862390995025635,3.5862390995025635,3.5419641879238197,3.5862390995025635,5023795
2022-02-24,3.4091405868530273,3.4091405868530273,3.4091405868530273,3.4091405868530273,931473
2022-02-25,3.2541792392730713,3.2541792392730713,3.2541792392730713,3.2541792392730713,632135
2022-02-28,3.0992188453674316,3.2541792532445246,3.0992188453674316,3.0992188453674316,592836
2022-03-02,3.1656301021575928,3.1877681512347595,2.9442574491245748,2.9442574491245748,2221224
2022-03-03,3.0770809650421143,3.165630317281468,3.010669900891591,3.1434932167288774,4259027
2022-03-04,2.9442577362060547,2.9442577362060547,2.9442577362060547,2.9442577362060547,2155529
2022-03-07,2.811434030532837,2.811434030532837,2.811434030532837,2.811434030532837,604541
2022-03-08,2.678609848022461,2.678609848022461,2.678609848022461,2.678609848022461,386037
2022-03-09,2.5457866191864014,2.5457866191864014,2.5457866191864014,2.5457866191864014,868108
2022-03-10,2.4351000785827637,2.4351000785827637,2.4351000785827637,2.4351000785827637,772148
2022-03-11,2.324414014816284,2.5457866763433032,2.324414014816284,2.324414014816284,10940539
2022-03-14,2.2137277126312256,2.2137277126312256,2.2137277126312256,2.2137277126312256,1633358
2022-03-15,2.103041410446167,2.103041410446167,2.103041410446167,2.103041410446167,1252318
2022-03-16,2.169452667236328,2.191590717308381,2.014492254413021,2.014492254413021,10271970
2022-03-17,2.169452667236328,2.2580017799303866,2.10304136710708,2.2580017799303866,3999969
2022-03-21,2.2580018043518066,2.2580018043518066,2.2358647040693,2.2580018043518066,3220002
2022-03-22,2.3686883449554443,2.3686883449554443,2.3686883449554443,2.3686883449554443,724371
2022-03-23,2.479374408721924,2.479374408721924,2.479374408721924,2.479374408721924,362526
2022-03-24,2.590061664581299,2.590061664581299,2.590061664581299,2.590061664581299,522828
2022-03-25,2.7007479667663574,2.7007479667663574,2.7007479667663574,2.7007479667663574,289611
2022-03-28,2.811434030532837,2.833571128700921,2.567923338104463,2.833571128700921,15248013
2022-03-29,2.678609848022461,2.877845161714404,2.678609848022461,2.877845161714404,2596077
2022-03-30,2.5457866191864014,2.745021938835401,2.5457866191864014,2.5457866191864014,9477243
2022-03-31,2.4351000785827637,2.5015123242615993,2.4351000785827637,2.45723717713274,2467899
2022-04-01,2.5457866191864014,2.5457866191864014,2.346551062030166,2.39082621086035,7141556
2022-04-04,2.65647292137146,2.65647292137146,2.6121987210258935,2.6343358211986767,2095800
2022-04-05,2.789297103881836,2.789297103881836,2.678609943684577,2.789297103881836,7285738
2022-04-06,2.65647292137146,2.8335713853044338,2.65647292137146,2.8335713853044338,7515506
2022-04-07,2.7228851318359375,2.877845305778782,2.5679235328496506,2.6564728822662484,4419544
2022-04-08,2.7671589851379395,2.855708331070221,2.722885024693492,2.7671589851379395,3190191
2022-04-11,2.855708599090576,2.8778454626368233,2.789297295930076,2.833571498037076,3548796
2022-04-12,3.1213560104370117,3.1213560104370117,2.877845300027975,2.92212044966228,8056950
2022-04-13,3.4312779903411865,3.4312779903411865,3.209905553877858,3.2763166197965443,8586780
2022-04-18,3.2763164043426514,3.5862391250511023,3.2763164043426514,3.497690013784498,15569952
2022-04-19,3.1213560104370117,3.4312777827468257,3.1213560104370117,3.2763164215774387,5727143
2022-04-20,2.9663946628570557,3.099218924832255,2.9663946628570557,3.0549437749951203,2992932
2022-04-21,3.0992188453674316,3.0992188453674316,2.833571278257274,2.8778452394230074,8437108
2022-04-22,3.2541792392730713,3.2541792392730713,3.121355931302724,3.165630129785606,8303960
2022-04-25,3.0992188453674316,3.2541792532445246,3.0992188453674316,3.2541792532445246,4936981
2022-04-26,2.988532781600952,3.2099054482895895,2.9442576307443837,3.165630297433021,3365829
2022-04-27,2.9442577362060547,3.010669989855264,2.8778454825568454,2.9442577362060547,2947884
2022-04-28,2.8999836444854736,3.0106698582006524,2.8335713937404283,2.966394707694296,2483867
2022-04-29,2.7671589851379395,2.944257439495271,2.7671589851379395,2.944257439495271,3849367
2022-05-02,2.678609848022461,2.7892970042667113,2.6343356505450006,2.700747896790105,2431014
2022-05-04,2.7450220584869385,2.8114343096125567,2.6564729445030215,2.678610044868566,4047457
2022-05-05,2.7007479667663574,2.8114341758495685,2.6786099174251174,2.7892970765372667,1629513
2022-05-06,2.63433575630188,2.7007480052131414,2.6121986566744435,2.6786099555567526,1574426
2022-05-09,2.5457866191864014,2.6343357293105907,2.523649519785781,2.61219862990997,2387655
2022-05-10,2.65647292137146,2.65647292137146,2.523649607813028,2.5900616208531098,1846437
2022-05-11,2.5457866191864014,2.7671590382360214,2.523649519785781,2.678609928111832,3123677
2022-05-12,2.4351000785827637,2.523649422811576,2.4351000785827637,2.4793742756827166,2920502
2022-05-13,2.5015125274658203,2.5457867281622795,2.3465511624774935,2.3465511624774935,2194159
2022-05-16,2.612198829650879,2.612198829650879,2.501512611662484,2.5679236774352105,1171642
2022-05-17,2.63433575630188,2.7007480052131414,2.5679235073906184,2.6786099555567526,1683447
2022-05-18,2.5236494541168213,2.634335660761418,2.5236494541168213,2.5900614631122547,4674190
2022-05-19,2.4129631519317627,2.479374452312819,2.4129631519317627,2.4351002520587817,2073233
2022-05-20,2.479374408721924,2.5236495582265155,2.3465510977733017,2.3908262472778934,3608455
2022-05-23,2.3908262252807617,2.5236495350073245,2.3686881757176717,2.5236495350073245,2018252
2022-05-24,2.324414014816284,2.435100226826173,2.280138864992054,2.3908262645381475,2081234
2022-05-25,2.2801389694213867,2.3465512221849014,2.258001868509884,2.3465512221849014,1231821
2022-05-26,2.302276849746704,2.324413949017689,2.1915906408700767,2.2801388004467826,1726386
2022-05-27,2.324414014816284,2.41296312692854,2.213727802806395,2.3465511147139173,5164472
2022-05-30,2.3908262252807617,2.412963087307667,2.324413976649388,2.3686881757176717,1595819
2022-05-31,2.3908262252807617,2.4793743859100923,2.34655107618353,2.3908262252807617,1331734
2022-06-01,2.4129631519317627,2.4572373521858,2.368688239155995,2.4351002520587817,1324878
2022-06-02,2.4351000785827637,2.45723717713274,2.390826118990037,2.412962980032787,1186724
2022-06-03,2.479374408721924,2.501512458488698,2.435100209246289,2.479374408721924,2070648
2022-06-06,2.4129631519317627,2.5236496025958304,2.3908262893119874,2.479374452312819,1126773
2022-06-07,2.3908262252807617,2.545786634541466,2.34655107618353,2.4351001868418085,1646451
2022-06-08,2.479374408721924,2.567923520194911,2.368688197511119,2.3908262472778934,1256492
2022-06-09,2.3908262252807617,2.5236495350073245,2.3686881757176717,2.5015124354731824,1479251
2022-06-10,2.4351000785827637,2.45723717713274,2.368688070411155,2.390826118990037,578538
2022-06-13,2.3686883449554443,2.435100360824579,2.3022770416080713,2.412963259708788,1549190
2022-06-14,2.4351000785827637,2.4793742756827166,2.3465509718611783,2.368688070411155,2393570
2022-06-15,2.3686883449554443,2.45723746194037,2.3244141427238625,2.45723746194037,1390261
2022-06-16,2.3465511798858643,2.4572373949698973,2.302276978860948,2.4572373949698973,1374374
2022-06-17,2.2801389694213867,2.368688323096404,2.258001868509884,2.3022770203618963,664971
2022-06-20,2.2580018043518066,2.36868825579332,2.103041389852525,2.3465511555108134,2594553
2022-06-21,2.3465511798858643,2.3908263309397704,2.169452713235467,2.324414079373406,1002606
2022-06-22,2.302276849746704,2.3908261968595808,2.2801388004467826,2.3908261968595808,637740
2022-06-23,2.3465511798858643,2.3908263309397704,2.302276978860948,2.3686882803983225,763197
2022-06-24,2.3908262252807617,2.412963087307667,2.302276877115246,2.3908262252807617,913603
2022-06-27,2.5015125274658203,2.5457867281622795,2.3465511624774935,2.4129631760439194,3588342
2022-06-28,2.479374408721924,2.5236495582265155,2.435100209246289,2.479374408721924,1383007
2022-06-29,2.4572372436523438,2.523649491129018,2.3465510353844072,2.4351001445030964,1005889
2022-06-30,2.4572372436523438,2.523649491129018,2.4129630453538486,2.4129630453538486,1104887
2022-07-01,2.4572372436523438,2.523649491129018,2.368688134533655,2.5015123919797704,2067570
2022-07-04,2.4572372436523438,2.5015123919797704,2.4129630453538486,2.4572372436523438,1225642
2022-07-05,2.4351000785827637,2.4793742756827166,2.390826118990037,2.4793742756827166,1900023
2022-07-06,2.4572372436523438,2.5015123919797704,2.390826183711834,2.4129630453538486,1569201
2022-07-07,2.5457866191864014,2.5900615305093493,2.435100172154356,2.4572372715549764,2041587
2022-07-08,2.65647292137146,2.700748071746002,2.5900616208531098,2.5900616208531098,2096712
2022-07-11,2.63433575630188,2.7007480052131414,2.5679235073906184,2.6786099555567526,1043464
2022-07-12,2.612198829650879,2.6564730318375323,2.523649712755811,2.6564730318375323,932370
2022-07-13,2.5679235458374023,2.612198695784112,2.523649583426901,2.612198695784112,625423
2022-07-14,2.5679235458374023,2.5900615958252406,2.523649583426901,2.5457866833857725,1199605
2022-07-15,2.5679235458374023,2.6343357957429836,2.5457866833857725,2.6343357957429836,1202418
2022-07-18,2.65647292137146,2.700748071746002,2.545786707985812,2.545786707985812,1714999
2022-07-19,2.65647292137146,2.722885171918785,2.6343358211986767,2.65647292137146,1515345
2022-07-20,2.7007479667663574,2.7228850660786588,2.656472818112816,2.6786099174251174,1786819
2022-07-21,2.877845287322998,2.877845287322998,2.700748014668979,2.7228851143739217,2953282
2022-07-22,2.988532781600952,3.010669882014743,2.8778453794740244,2.899983667424048,3534563
2022-07-25,3.0770809650421143,3.121356116176287,3.010669900891591,3.010669900891591,2545839
2022-07-26,3.032806873321533,3.1434930839302275,2.9885326740867413,3.1213559843128316,2193441
2022-07-27,2.8999836444854736,3.054943821170786,2.8778453567105617,2.988532757961963,2424060
2022-07-28,2.9221203327178955,2.944257431634633,2.8335712245292553,2.8999834713083885,1956107
2022-07-29,2.8999836444854736,3.0106698582006524,2.855708493979117,2.944257607455607,2816831
2022-08-01,2.877845287322998,2.9221204367618387,2.789297126010466,2.877845287322998,1896693
2022-08-02,2.9221203327178955,2.944257431634633,2.7892970266957806,2.8778451848554996,2328862
2022-08-03,2.9663946628570557,3.01066981269419,2.8999836006520407,2.9663946628570557,2561928
2022-08-04,2.9442577362060547,2.988532888648534,2.89998377129985,2.9442577362060547,1768371
2022-08-05,3.010669708251953,3.032806807388087,2.9221203616784863,2.9663945599507544,2888799
2022-08-08,3.054943561553955,3.0992187082976974,2.9663944556025923,3.054943561553955,2140008
2022-08-10,3.054943561553955,3.1877680517562847,3.0106696023463346,3.0770806599113776,2042707
2022-08-11,3.0992188453674316,3.1434930440403996,3.010669735499791,3.1434930440403996,2267547
2022-08-12,2.9221203327178955,3.1213558855191432,2.4793743167602336,3.0770807376567473,3530994
2022-08-16,2.9663946628570557,3.01066981269419,2.922120463048885,2.922120463048885,1597360
2022-08-17,2.988532781600952,3.0770809457488704,2.966394731158175,2.988532781600952,1641584
2022-08-18,3.010669708251953,3.032806807388087,2.9221203616784863,3.010669708251953,2268076
2022-08-19,2.9663946628570557,3.099218924832255,2.9442575629529704,3.099218924832255,1647596
2022-08-22,2.855708599090576,2.98853286796235,2.6786101281118024,2.9221206147728367,2040912
2022-08-23,2.877845287322998,2.9885326859056223,2.7228851143739217,2.8335713254203516,1801615
2022-08-24,3.0770809650421143,3.121356116176287,2.855708534472722,2.899983685606895,3560517
2022-08-25,3.1656301021575928,3.1877681512347595,3.099218805012874,3.099218805012874,3722510
2022-08-26,3.2320423126220703,3.3427287647688457,3.2099054497057593,3.2320423126220703,3576278
2022-08-29,3.2763164043426514,3.2984544540578282,2.877845284889312,2.877845284889312,2317410
2022-08-30,3.2541792392730713,3.387003734779588,3.2541792392730713,3.3205914870263293,2926100
2022-09-01,3.1656301021575928,3.342728557094132,3.1434930031093535,3.232042111824007,2972745
2022-09-02,3.2541792392730713,3.2984543877848886,3.165630129785606,3.2099052782974233,1954876
2022-09-05,3.364865779876709,3.431277791985255,3.232042230674098,3.3205915801521595,3255619
2022-09-06,3.364865779876709,3.431277791985255,3.3205915801521595,3.3427286800144342,2942894
2022-09-07,3.7190628051757812,3.7633367686121373,3.3648658725254985,3.4312778864626443,6572166
2022-09-08,4.139670372009277,4.405318415422999,3.8740228036100266,4.1175337475798415,13302198
2022-09-09,4.073258876800537,4.516004696026815,3.7190628864398207,4.427455817190262,9344679
2022-09-12,3.8740227222442627,4.1618073840431045,3.76333651482775,4.1618073840431045,4268938
2022-09-13,3.9404351711273193,4.006847421496256,3.851886058152304,3.8961612084079196,3389028
2022-09-14,3.7854745388031006,3.918297844320245,3.7411993911090304,3.874022696626175,3632933
2022-09-15,3.9625720977783203,4.028984345240049,3.7633365429292978,3.829748790391027,3984079
2022-09-16,3.8297488689422607,3.9625721790538675,3.763336620118363,3.9625721790538675,2560515
2022-09-19,3.8297488689422607,3.940435079455552,3.763336620118363,3.918297979857236,3087056
2022-09-20,3.8740227222442627,3.940434969210079,3.829748761793566,3.940434969210079,1910724
2022-09-21,3.763336658477783,3.896161157479449,3.209905362763005,3.8076118081546584,3081420
2022-09-22,3.741199493408203,3.8740228025572616,3.652650383134928,3.7633365928460947,2475783
2022-09-23,3.741199493408203,3.8518859406266057,3.6969255320396557,3.741199493408203,2188129
2022-09-26,3.6305131912231445,3.7411993981149894,3.5419640832053303,3.719062536748188,2607635
2022-09-27,3.696925640106201,3.7411996027689414,3.5641011395383084,3.6305133898222546,2346358
2022-09-28,3.5862390995025635,3.6969255471740934,3.4534148397808067,3.6969255471740934,967137
2022-09-29,3.763336658477783,3.9625722194440813,3.564101097511485,3.5862391473644033,2522040
2022-09-30,3.763336658477783,3.896161157479449,3.7190626963371085,3.8297489079786162,2164101
2022-10-03,3.6747875213623047,3.8518859812854664,3.60837622234762,3.7411995328987047,2121284
2022-10-04,3.7854745388031006,3.874022696626175,3.719062529783684,3.7633364899416066,2671818
2022-10-06,3.8297488689422607,3.8961611177661584,3.763336620118363,3.807611769343945,1929075
2022-10-07,3.851886034011841,3.940435146431903,3.829748934037257,3.918298046457319,2047482
2022-10-10,3.8076119422912598,3.9847104096725205,3.785474841687445,3.85188614349889,4237951
2022-10-11,3.8076119422912598,3.940435258435896,3.763336791054636,3.8076119422912598,2110952
2022-10-12,3.763336658477783,3.896161157479449,3.674787546660233,3.896161157479449,1941207
2022-10-13,3.763336658477783,3.8518860078025736,3.7190626963371085,3.8076118081546584,2903706
2022-10-14,3.8297488689422607,3.918297979857236,3.763336620118363,3.874022830631654,2132300
2022-10-17,3.7190628051757812,3.874022983492886,3.67478765420319,3.8297490200565303,1596501
2022-10-18,3.763336658477783,3.8297489079786162,3.741199558653826,3.8076118081546584,1390108
2022-10-19,3.851886034011841,3.8740228964791834,3.6747875716644747,3.71906272164261,2147235
2022-10-20,3.851886034011841,3.8740228964791834,3.763336684084537,3.8740228964791834,1054379
2022-10-21,4.006847381591797,4.161807555856274,3.807611820005402,3.8961611696057914,6468621
2022-10-24,4.095396995544434,4.18394587584605,4.051121842871857,4.18394587584605,1251513
2022-10-25,3.984710216522217,4.183945537342538,3.9404350674317357,4.117533763735764,2398626
2022-10-27,3.9625720977783203,4.028984345240049,3.7633365429292978,3.9625720977783203,2211525
2022-10-28,3.9404351711273193,4.073258721836221,3.8961612084079196,3.9404351711273193,2037489
2022-10-31,3.984710216522217,4.073258614645283,3.874022818810488,3.984710216522217,2147496
2022-11-01,4.028984546661377,4.095396797443258,3.9847103461594418,4.028984546661377,3098418
2022-11-02,4.051121234893799,4.095396380921717,3.984709940895245,4.073258332893317,1743745
2022-11-03,4.028984546661377,4.095396797443258,3.9847103461594418,4.095396797443258,2230294
2022-11-04,4.073258876800537,4.095396927785059,4.028984674889513,4.095396927785059,2497875
2022-11-07,4.1175336837768555,4.161807406964158,4.051121436445276,4.161807406964158,2269314
2022-11-09,4.028984546661377,4.206082773712586,3.8297489818519557,4.139670522930704,5722456
2022-11-10,4.206082820892334,4.2724941223901745,4.095396843381439,4.117533943880719,6675417
2022-11-11,4.471729278564453,4.538141527516572,4.2282197574694145,4.2946320064215335,6499737
2022-11-14,4.670965194702148,4.892338571839617,4.338906316532167,4.449592767593657,10629355
2022-11-15,4.626690864562988,4.980887783037247,4.60455376497718,4.803789561307355,8896605
2022-11-16,4.670965194702148,4.958749872459125,4.604553894082641,4.715240345144131,8320572
2022-11-17,4.825926303863525,4.914475654400574,4.538141627139847,4.7595145284679825,6673068
2022-11-18,4.803789138793945,4.958749297279683,4.626690457626151,4.89233800436341,6698553
2022-11-21,4.626690864562988,4.892338434665064,4.560278615776613,4.803789561307355,6289175
2022-11-22,4.737377643585205,4.803789897012697,4.538141833331747,4.582416985626414,4473999
2022-11-23,4.759514331817627,4.848063203681587,4.71524013339288,4.737377232605254,5529606
2022-11-24,4.737377643585205,4.870200725396663,4.670965390157714,4.825926523131013,7218987
2022-11-25,4.892338752746582,4.914475853771662,4.693103418477349,4.781652772606678,7133121
2022-11-28,5.534318923950195,5.645005368931224,4.870200254064024,4.892338303083369,20039847
2022-11-29,6.641183376312256,6.641183376312256,5.755692227802989,5.755692227802989,37359814
2022-11-30,7.283164978027344,7.305302078562997,6.641183362319455,7.083929648162979,39013951
2022-12-01,6.685458183288574,7.482399938407159,6.574771736047068,7.349575916708668,21565944
2022-12-02,7.194615364074707,7.261026663265246,6.641183120675435,6.862555543020665,13125872
2022-12-05,7.4381256103515625,7.5266744872532625,7.1946156051037695,7.305302057491765,9508536
2022-12-06,7.415987968444824,7.59308618433293,7.305301524137951,7.504536838881648,9479466
2022-12-07,7.1060662269592285,7.526673956341881,7.0839291280489185,7.482399758521261,6411460
2022-12-08,6.840418338775635,7.2831646017448035,6.441947699633772,7.17247815475613,6009363
2022-12-09,6.419810771942139,6.906830771706267,6.242712072012109,6.906830771706267,5391207
2022-12-12,7.06179141998291,7.06179141998291,5.91065319580651,6.530496745359691,5506692
2022-12-13,7.194615364074707,7.482400035639432,7.1060664901395105,7.238889563535066,5374838
2022-12-14,7.1060662269592285,7.261026394345858,6.951104634529216,7.194615097614928,2942610
2022-12-15,6.951105117797852,7.261026899161496,6.751869788710042,7.261026899161496,1322727
2022-12-16,7.01751708984375,7.1946153114328215,6.663320171651133,6.751869519952907,1912961
2022-12-19,7.03965425491333,7.305301827275926,6.928967806013455,7.083929404490656,1401520
2022-12-20,6.951105117797852,7.039654469624318,6.862555765971385,7.039654469624318,940718
2022-12-21,6.774007320404053,7.061791029249552,6.641182827822164,7.061791029249552,1460585
2022-12-22,6.574771881103516,6.951104955001467,6.441947856474584,6.862555605248845,2759690
2022-12-23,6.2648491859436035,6.486222561348985,6.2648491859436035,6.353398536105756,2792913
2022-12-26,6.530496597290039,6.574771746272869,5.954927260744807,5.954927260744807,1184474
2022-12-27,6.818281173706055,6.840418272884763,6.641182955232982,6.641182955232982,1130323
2022-12-28,6.884693622589111,7.08392942108129,6.72973249876347,7.061791371226302,638336
2022-12-29,6.818281173706055,6.884693421271115,6.641182955232982,6.862555372063473,698505
2022-12-30,6.796144962310791,7.039654493109726,6.7075956101889105,6.9068309399414,995238
2023-01-02,6.707595348358154,6.8625555209863425,6.486222451709231,6.8625555209863425,567542
2023-01-03,6.619046211242676,6.729732663104763,6.55263396011383,6.707595562738143,1017630
2023-01-04,6.619046211242676,6.751869763471384,6.375536682166373,6.55263396011383,944651
2023-01-05,6.574771881103516,6.685458330787051,6.441947856474584,6.619046080965344,1459230
2023-01-06,6.641183376312256,6.729732728670431,6.486222722207194,6.5969091751476645,902931
2023-01-09,6.5969085693359375,6.729732110661163,6.530496323658872,6.530496323658872,402727
2023-01-10,6.619046211242676,6.685458462371522,6.4419479832662345,6.55263396011383,1108953
2023-01-11,6.5969085693359375,6.663319864984097,6.464084077981806,6.663319864984097,389763
2023-01-12,6.641183376312256,6.707595628088135,6.419810945445811,6.641183376312256,919257
2023-01-13,6.663320064544678,6.707595212998358,6.441947647377543,6.6411829653323045,741035
2023-01-16,6.973243236541748,6.995380337207831,6.685458552810164,6.862555833153334,1899697
2023-01-17,7.1503400802612305,7.261026526861762,6.862555414102742,6.973242810732212,1206740
2023-01-18,7.128203392028809,7.283164996223517,7.017517414059511,7.283164996223517,709398
2023-01-19,6.906830787658691,7.194615463187947,6.796144812468501,7.083929487997757,860139
2023-01-20,6.818281173706055,6.862555372063473,6.641182955232982,6.862555372063473,453701
2023-01-23,6.707595348358154,6.973242919339758,6.685458248699052,6.973242919339758,341498
2023-01-24,6.840418338775635,6.862555438167582,6.6633201185966495,6.707595267409485,661392
2023-01-25,6.774007320404053,6.951104585450588,6.685457975359099,6.951104585450588,378834
2023-01-27,6.5969085693359375,6.818280979873162,6.464084077981806,6.663319864984097,770883
2023-01-30,6.486222267150879,6.6854580584716645,6.309124049873771,6.552633564238523,773019
2023-01-31,6.552633762359619,6.5747718120871115,6.331261340330812,6.486222463264006,314626
2023-02-01,6.486222267150879,6.77400740461745,6.375536296990342,6.641182910384308,417998
2023-02-02,6.486222267150879,6.641182910384308,6.397673396019556,6.574771613296664,400288
2023-02-03,6.486222267150879,6.641182910384308,6.309124049873771,6.574771613296664,587844
2023-02-06,6.375536918640137,6.641183557936107,6.353398867423414,6.6190464567484035,395826
2023-02-07,6.4419474601745605,6.685457919506589,6.198437475856986,6.530496329465291,1129358
2023-02-08,6.574771881103516,6.641183180896258,6.331261406791048,6.508359631281809,428854
2023-02-09,6.574771881103516,6.663320280827172,6.4198107565436695,6.663320280827172,290805
2023-02-10,6.552633762359619,6.641183111182724,6.419810689153917,6.441947788852454,304107
2023-02-13,6.508359432220459,6.6190458785185955,6.419810560190631,6.6190458785185955,404356
2023-02-14,6.486222267150879,6.574771613296664,6.3533982479322,6.530496465209308,470099
2023-02-15,6.375536918640137,6.552634203156274,6.331261766235711,6.353398867423414,231475
2023-02-16,6.641183376312256,6.68545852750584,6.286987391923045,6.5304969233717856,870610
2023-02-17,6.973243236541748,6.973243236541748,6.751869854808416,6.751869854808416,984298
2023-02-20,7.283164978027344,7.305302078562997,6.973243195455722,7.305302078562997,1790410
2023-02-21,7.261026382446289,7.50453684513293,7.128202839173182,7.50453684513293,1014300
2023-02-22,7.1503400802612305,7.261026526861762,6.99537991004653,7.194615228918806,966786
2023-02-23,7.305301666259766,7.415988112720001,6.951104752578332,7.194615219799531,773383
2023-02-24,7.283164978027344,7.415988531270254,7.083929648162979,7.3938514307346015,677979
2023-02-27,7.327438831329346,7.415988179298288,7.017517063466993,7.415988179298288,739399
2023-02-28,7.128203392028809,7.526674527767571,7.017517414059511,7.438125650389233,720072
2023-03-01,7.1060662269592285,7.261026394345858,6.774007368232276,7.194615097614928,4749743
2023-03-02,6.951105117797852,7.283164949639852,6.818281565072645,6.951105117797852,4417024
2023-03-03,6.99537992477417,7.128202995954188,6.751869456731647,6.8404183291898155,3754017
2023-03-06,6.862555980682373,7.083929842189227,6.840418879540393,6.90683113299535,4158423
2023-03-08,6.973243236541748,7.017517437873916,6.840418732487251,6.840418732487251,3072519
2023-03-09,6.884693622589111,7.0175171715742435,6.862555572734122,6.995380071748215,3858484
2023-03-10,6.818281173706055,6.906830520449824,6.751869401155461,6.906830520449824,4836809
2023-03-13,7.1503400802612305,7.1503400802612305,6.774007491859937,6.796144591174255,7466557
2023-03-14,7.194615364074707,7.438125361164595,7.150340214585391,7.3053018127545615,6905065
2023-03-15,7.327438831329346,7.371713980328289,7.1724781849054065,7.238889483360404,5392964
2023-03-16,7.4381256103515625,7.5266744872532625,7.150340454131179,7.371714308936158,5618353
2023-03-17,7.593086242675781,7.748046885884504,7.460261748463817,7.482399797518429,6420982
2023-03-20,7.548811435699463,7.947282561268534,7.504537235647499,7.947282561268534,5080677
2023-03-21,7.327438831329346,7.681635748190642,7.216752383875404,7.637360599191697,4027088
2023-03-22,7.570949077606201,7.593086176438777,7.305301516542994,7.526673929912131,6082278
2023-03-23,7.6152238845825195,7.65949808579015,7.482400330930635,7.57094968337489,5693856
2023-03-24,7.969420433044434,7.991557057560726,7.548811266829603,7.6594977145123835,8340167
2023-03-27,8.013694763183594,8.257204287048461,7.748047189396907,8.146518312569697,4753053
2023-03-28,8.080106735229492,8.168656086992659,7.814459154954486,8.080106735229492,5343536
2023-03-29,8.080106735229492,8.14651851154462,7.947282707584742,8.057969159781454,6256127
2023-03-31,8.124380111694336,8.235067027673848,7.8808706065914125,8.080105915319866,5830044
2023-04-03,8.080106735229492,8.323616265041966,8.035831584333415,8.257204488726838,5198100
2023-04-05,8.080106735229492,8.14651851154462,7.969420758047274,8.14651851154462,5778994
2023-04-06,8.102243423461914,8.16865519250479,7.703772334190218,8.080105850437993,5900130
2023-04-10,8.057969093322754,8.190793594886516,7.792322465267675,8.102244243853669,4752240
2023-04-11,8.14651870727539,8.168656283255313,7.991557575473952,8.124381131295468,5377511
2023-04-12,8.124380111694336,8.190792831299378,8.057968342118185,8.168655258097697,5561113
2023-04-13,8.057969093322754,8.146518444355603,7.947282642038937,8.124380869090146,5249569
2023-04-17,8.035831451416016,8.102244176661625,7.969420626228349,8.013694826363118,3787200
2023-04-18,8.257204055786133,8.500714522859884,7.991556964453996,8.102243885861677,7444710
2023-04-19,8.190793991088867,8.3678917516921,8.102244635772738,8.30147997271226,6295983
2023-04-20,8.390028953552246,8.567127656279974,8.212930250824519,8.212930250824519,6621993
2023-04-21,8.788498878479004,9.032008386934406,8.412164879013769,8.412164879013769,11906266
2023-04-24,9.142696380615234,9.319794139426168,8.788499912964351,8.987735247887533,9438509
2023-04-25,9.120558738708496,9.519030355709354,8.899186779299031,9.496892779756804,11299896
2023-04-26,9.186970710754395,9.563304720841716,9.098421364258154,9.186970710754395,8764742
2023-04-27,9.341931343078613,9.474755844427412,9.120558440869251,9.253381992189073,7253318
2023-04-28,9.120558738708496,9.474756153833262,8.899186779299031,9.474756153833262,8912110
2023-05-02,9.186970710754395,9.31979330545536,8.41216511644846,9.209107334856757,8927667
2023-05-03,9.319793701171875,9.364068851314373,9.076284175504014,9.209107725873569,6696571
2023-05-04,9.60757827758789,9.718264240796113,9.253380915252302,9.496891364350803,8849794
2023-05-05,9.452617645263672,9.851089262998524,9.275520837433088,9.696128131103249,7935428
2023-05-08,9.629715919494629,9.696127694454862,9.341931244657292,9.519029944570562,7390455
2023-05-09,9.496892929077148,9.718265841996285,9.297657592458632,9.718265841996285,6270720
2023-05-10,9.186970710754395,9.563304720841716,9.098421364258154,9.563304720841716,7158125
2023-05-11,9.408342361450195,9.474755081793447,9.032008362982939,9.09842108332619,8049564
2023-05-12,10.1610107421875,10.227422515010364,9.20910739835454,9.386206092568134,12014822
2023-05-15,10.050323486328125,10.493069257098865,9.806813977424452,10.315970568779006,11173871
2023-05-16,10.271697998046875,10.537344147959404,10.094599298066566,10.16101107305194,9253653
2023-05-17,10.315971374511719,10.55948280249275,10.22742297346459,10.404520725587828,8059855
2023-05-18,9.629715919494629,10.183148644201868,9.519029944570562,10.183148644201868,9427898
2023-05-19,9.93963623046875,10.006048948850976,9.651851584261262,9.784676070996841,6575818
2023-05-22,9.673991203308105,10.072461858581569,9.651852677976494,10.050324283278938,6224764
2023-05-23,9.696127891540527,9.85108901960717,9.67399126612314,9.67399126612314,4266022
2023-05-24,9.364068984985352,9.828951417914936,9.297657208852554,9.718265441036602,1670649
2023-05-25,9.186970710754395,9.60757891907537,9.076283790126862,9.430480226082892,2880855
2023-05-26,9.297657012939453,9.452617187298124,8.69995009030971,9.186971038393407,2533880
2023-05-29,9.275520324707031,9.718265169896764,9.07628405183835,9.386206298497225,2400765
2023-05-30,9.341931343078613,9.496892469628065,9.16483359132851,9.319793767848983,2715426
2023-05-31,9.098421096801758,9.386205751933147,9.032008376360142,9.386205751933147,2717925
2023-06-01,9.253381729125977,9.452617050441676,9.00987220863866,9.164833330782743,2270758
2023-06-02,9.253381729125977,9.40834285127006,9.120558181582178,9.319793502897877,2026863
2023-06-05,9.275520324707031,9.386206298497225,9.098421626607973,9.098421626607973,2152845
2023-06-06,9.629715919494629,10.138873494209067,9.408343019617526,9.474755744606728,7219435
2023-06-07,9.319793701171875,9.718265302309511,9.18697110083129,9.629715952053484,933581
2023-06-08,9.341931343078613,9.519030044857693,9.297657142648331,9.408343118738523,511060
2023-06-09,9.231245040893555,9.408342786387658,9.120558118684414,9.408342786387658,883138
2023-06-12,9.341931343078613,9.474755844427412,9.120558440869251,9.231245366988421,511690
2023-06-13,9.231245040893555,9.386206161968985,9.164833267579647,9.341931013073753,832077
2023-06-14,9.120558738708496,9.36406922409952,9.032009384927305,9.36406922409952,581602
2023-06-15,9.098421096801758,9.27551978458826,8.987734179427967,8.987734179427967,409047
2023-06-16,9.164834022521973,9.231245801306471,8.655675468459116,9.009872888681803,795368
2023-06-19,8.854910850524902,9.47475532258334,8.788499078522774,9.142695512543769,509141
2023-06-20,8.899186134338379,9.076283879036751,8.633538092247413,8.766362588307365,840622
2023-06-21,8.83277416229248,8.899186890983609,8.655675452507513,8.854911738522857,756256
2023-06-22,8.722087860107422,8.943459814145609,8.390028979021157,8.677813659305581,780174
2023-06-23,8.655674934387207,8.81063700869494,8.522852335042645,8.722087659102934,444982
2023-06-26,8.500715255737305,8.655675439021438,8.257204767669634,8.544989458100055,569742
2023-06-27,8.500715255737305,8.611402186687707,8.478578629570439,8.52285283193319,406147
2023-06-28,8.412165641784668,8.699950323347782,8.367891440786108,8.699950323347782,340749
2023-06-30,8.544988632202148,8.81063667079005,8.434302661978885,8.81063667079005,447113
2023-07-03,8.522851943969727,8.788499030527504,8.456439222301361,8.76636240666697,435854
2023-07-04,8.611401557922363,8.72208753076196,8.36789108763472,8.522852209633315,455674
2023-07-05,8.544988632202148,8.74422394862138,8.434302661978885,8.74422394862138,251786
2023-07-06,8.522851943969727,8.633537913359161,8.412165024551372,8.544988567830261,532127
2023-07-07,8.9213228225708,8.9434594470486,8.633538154098908,8.633538154098908,861090
2023-07-10,9.231245040893555,9.364068587521368,9.120558118684414,9.186970842027264,1676079
2023-07-11,9.098421096801758,9.34193060497207,8.810636441670368,9.231244637627183,511974
2023-07-12,9.054146766662598,9.164833694022033,8.854911437450399,9.054146766662598,410537
2023-07-13,8.854910850524902,9.209107284545897,8.611401336526738,9.209107284545897,382331
2023-07-14,8.83277416229248,9.032009498278804,8.766363333659394,8.810637536091125,203843
2023-07-17,8.899186134338379,9.054146304688603,8.788499212626574,8.832773411293934,288049
2023-07-18,8.9213228225708,9.07628394406012,8.500714607116333,9.07628394406012,256797
2023-07-19,8.965598106384277,9.18697100469328,8.877048757054885,8.921322956705101,343804
2023-07-20,8.943459510803223,9.164833357390867,8.744224188909085,8.987734660132332,396051
2023-07-21,8.87704849243164,9.142695582471967,8.832773344072297,8.87704849243164,221404
2023-07-24,8.766362190246582,9.009871696903241,8.766362190246582,9.009871696903241,454000
2023-07-25,8.766362190246582,9.07628346690314,8.744223666874754,9.07628346690314,313366
2023-07-26,8.766362190246582,8.877048156903447,8.744223666874754,8.877048156903447,185366
2023-07-27,8.744223594665527,8.965597426208959,8.744223594665527,8.965597426208959,490146
2023-07-28,8.744223594665527,8.877048083597364,8.699949398374175,8.877048083597364,233021
2023-07-31,8.766362190246582,8.943458976874448,8.63353770021789,8.854910583560514,545735
2023-08-01,8.943459510803223,9.054146434097044,8.744224188909085,8.854911112202908,379174
2023-08-02,8.854910850524902,8.965597770547733,8.74422393050207,8.899185998545605,202882
2023-08-03,8.699950218200684,8.987734896285648,8.67781359298344,8.987734896285648,411765
2023-08-04,8.788498878479004,8.877048222475924,8.67781291100453,8.877048222475924,239046
2023-08-07,8.83277416229248,8.987735295847072,8.766363333659394,8.83277416229248,309667
2023-08-08,8.899186134338379,9.009872106021245,8.832773411293934,8.832773411293934,429219
2023-08-09,8.788498878479004,8.965597566472844,8.744223731466091,8.965597566472844,240223
2023-08-10,8.943459510803223,9.0762840087616,8.589264016344059,8.722087564273483,401917
2023-08-11,9.009872436523438,9.076284211975077,8.877048885620159,8.965598236232003,490430
2023-08-14,9.164834022521973,9.29765758009097,9.009872888681803,9.209108225035298,1020618
2023-08-16,9.275520324707031,9.297656949447695,9.07628405183835,9.07628405183835,379635
2023-08-17,9.452617645263672,9.519030373243655,9.120558755508803,9.386206817341709,437951
2023-08-18,9.851088523864746,9.9175002968328,9.474755460388755,9.56330480768914,1489140
2023-08-21,10.183148384094238,10.338108555024,10.050323887537532,10.161010809663297,1583304
2023-08-22,9.961775779724121,10.338108855826432,9.673991103864138,10.338108855826432,899554
2023-08-23,9.806815147399902,10.116736463890616,9.718265792675833,9.762540945052377,443619
2023-08-24,9.629715919494629,9.939637219299398,9.519029944570562,9.784677044411497,471408
2023-08-25,9.873226165771484,9.96177551367792,9.297656829423076,9.319793453877976,555372
2023-08-28,9.828950881958008,10.072461347852688,9.673990712783866,9.784676683626671,311629
2023-08-29,9.895363807678223,10.16101090317859,9.740401735264406,9.961775581553315,358483
2023-08-30,10.006050109863281,10.094599461285183,9.82895140701948,10.094599461285183,429466
2023-08-31,9.828950881958008,10.138873120364158,9.784676683626671,10.138873120364158,399595
2023-09-01,9.65185260772705,9.961775809621209,9.34193130589084,9.961775809621209,508691
2023-09-04,9.696127891540527,9.85108901960717,9.65185274064778,9.696127891540527,630081
2023-09-05,9.673991203308105,9.873226530944837,9.585441852126564,9.740402029158036,334930
2023-09-06,9.541166305541992,9.82895097241657,9.364068560557834,9.673990801816286,406953
2023-09-07,9.541166305541992,9.740401624910021,9.51902968118706,9.563304829954806,262498
2023-09-08,9.563304901123047,9.696127498327899,9.4304804038603,9.452617028379967,161140
2023-09-11,9.60757827758789,9.80681358138001,9.098420756766565,9.80681358138001,500611
2023-09-12,9.319793701171875,9.696127727238261,9.231245300944819,9.696127727238261,473960
2023-09-13,9.07628345489502,9.341930534543154,9.032008308267732,9.297656337944764,529391
2023-09-14,9.231245040893555,9.519029708596799,9.032008770922891,9.076283919818124,331204
2023-09-15,9.164834022521973,9.474756290202313,8.854911754841632,9.29765758009097,454563
2023-09-18,9.120450973510742,9.275786340614482,9.009496051488993,9.275786340614482,313812
2023-09-20,9.120450973510742,9.542077582069165,9.098259798640553,9.275786340614482,1838067
2023-09-21,9.009496688842773,9.364550750237214,9.009496688842773,9.364550750237214,2015361
2023-09-22,9.03168773651123,9.320169216801693,8.942923984345876,9.00949656038758,2504920
2023-09-25,9.919322967529297,9.919322967529297,9.342359077069725,9.586460100273015,2565569
2023-09-26,10.673811912536621,10.806958016934022,10.2521862325403,10.429712784521422,9630436
2023-09-27,10.696003913879395,11.051057013622312,10.429712660578353,10.607240162779048,8743194
2023-09-28,10.673811912536621,11.117630673312545,10.540667712797715,10.873530592968098,6167139
2023-09-29,10.718194007873535,11.0510568800655,10.607240034585955,10.784767534641153,3649799
2023-10-03,10.62943172454834,10.851339681861939,10.474094440236133,10.696004302208273,2745441
2023-10-04,10.895721435546875,11.051056806651728,10.740385112112804,10.873530260105088,5116848
2023-10-05,10.851339340209961,11.406112073014878,10.673811837153371,11.051057066901695,7046664
2023-10-06,10.940102577209473,11.317347789215411,10.851338829855864,10.851338829855864,3957475
2023-10-09,11.117630004882812,11.295157498519625,10.607239651088463,11.095438830095913,5400213
2023-10-10,11.184203147888184,11.317348298748499,11.006675645188269,11.228584547398542,3761608
2023-10-11,11.33953857421875,11.428302325974812,11.184203199057196,11.272965998484015,4247991
2023-10-12,11.561447143554688,11.983074714137247,11.20639405144271,11.472683394362086,9184338
2023-10-13,11.583639144897461,11.894310835188604,11.539256794620723,11.71678333874006,5982828
2023-10-16,12.027456283569336,12.582229009663674,11.76116503220553,11.783357160230718,12037063
2023-10-17,12.64880084991455,12.892900929785977,12.40470172237237,12.40470172237237,11056522
2023-10-18,12.471273422241211,12.915092184872158,12.426892022142741,12.870709832444438,4465329
2023-10-19,12.3825101852417,12.648800481097421,12.293747388175936,12.648800481097421,5601982
2023-10-20,12.848518371582031,12.915091898748729,12.382510347719757,12.426891746834992,5777736
2023-10-23,12.737564086914062,13.247954449770534,12.670990561371333,12.95947202940633,5334966
2023-10-25,12.27155590057373,13.048236605555397,12.049646991674788,13.048236605555397,5069022
2023-10-26,11.983075141906738,12.293747799006573,11.80554763718419,12.271555670504693,4120998
2023-10-27,12.227173805236816,12.426891526203356,12.13841005625306,12.182792406909545,3631047
2023-10-30,12.249364852905273,12.64880029067554,12.182792279943563,12.293747203099217,3500010
2023-10-31,12.360319137573242,12.648800611841907,12.027456264312947,12.360319137573242,3191346
2023-11-01,12.204983711242676,12.648800556194107,12.182792535679877,12.537846583038556,3265699
2023-11-02,12.493465423583984,12.58222917520644,12.22717416871662,12.338128143997757,2881352
2023-11-03,12.604419708251953,12.870710017326411,12.515655954450713,12.648801108987941,3903437
2023-11-06,12.737564086914062,12.804136660127584,12.537846367273497,12.64880033851963,3087729
2023-11-07,12.759754180908203,12.870709103363037,12.537846240656927,12.826327705778622,4307334
2023-11-08,12.848518371582031,12.959472345534733,12.537846673116926,12.870709547304264,3515733
2023-11-09,12.892900466918945,13.003854438667632,12.69318274637378,12.95947208810479,3274440
2023-11-10,12.781947135925293,12.915092289629929,12.670991253955998,12.693183382679116,3060470
2023-11-13,12.44908332824707,12.826328566172515,12.338128398349346,12.626610835151725,3126343
2023-11-15,12.62661075592041,12.78194708540494,12.22717434405601,12.315938096951351,3458540
2023-11-16,12.62661075592041,12.737564732792643,12.582229355637368,12.715373556486494,3731915
2023-11-17,12.64880084991455,12.715373425819621,12.515655698104407,12.62661062616569,3009217
2023-11-20,13.048235893249512,13.31452714078891,12.648800450434239,12.892900522596383,6411930
2023-11-21,13.403290748596191,13.869298760298745,13.003854357664798,13.869298760298745,6468225
2023-11-22,13.469862937927246,13.736154193898004,13.381100138266238,13.536436466166869,2335567
2023-11-23,14.779126167297363,14.801316391093417,13.625200246049582,13.669580693641693,13347794
2023-11-24,13.824917793273926,15.533615476659934,13.62520006774749,14.890079948410818,15386496
2023-11-28,13.425481796264648,14.135589921183342,13.314527818390156,14.091208520499398,3981991
2023-11-29,13.225763320922852,13.580818315744425,13.15919074747611,13.447672216521731,2444791
2023-11-30,13.1148099899292,13.292337496011971,12.937282483846428,13.292337496011971,2894955
2023-12-01,13.558626174926758,14.069016539073244,13.225763308017834,13.314527056636617,4240998
2023-12-04,14.890079498291016,14.912270673455092,13.625199655864385,13.95806156935029,15642076
2023-12-05,14.113399505615234,15.001034173561822,13.869299424340603,14.912271373397639,11295499
2023-12-06,13.824917793273926,14.867888772575913,13.780536393933351,14.424070969853233,9313992
2023-12-07,13.669580459594727,14.02463546220342,13.603008837017136,13.958061934967366,3477069
2023-12-08,13.292337417602539,13.913681780568513,13.181382488873,13.758344499415456,5141776
2023-12-11,13.181382179260254,13.824917703322212,13.048236077446376,13.425481302539035,6969611
2023-12-12,13.292337417602539,13.469863017979602,12.737564678613339,13.27014528906153,5718494
2023-12-13,13.647390365600586,14.002444419247125,13.27014513599825,13.425481463030344,5242011
2023-12-14,13.647390365600586,13.847108092215032,13.469862862612697,13.847108092215032,7800385
2023-12-15,13.71396255493164,13.869298877589214,13.49205461093992,13.758343953264141,3892108
2023-12-18,13.603009223937988,13.824918130715732,13.514245470761038,13.80272695433918,4145757
2023-12-19,13.536436080932617,13.75834402609909,13.492054682365167,13.625199830396738,2418520
2023-12-20,13.31452751159668,13.758344365197484,12.937282281323217,13.758344365197484,3558550
2023-12-21,13.270145416259766,13.292337545013494,12.937282531539058,13.048236509002875,2961465
2023-12-22,13.647390365600586,13.847108092215032,13.181382336833545,13.425481463030344,4481784
2023-12-26,13.49205493927002,13.89149039097046,13.425481411657376,13.847108039228699,3228513
2023-12-27,13.6917724609375,14.313116805093054,13.492054738065631,13.536436136816304,7244266
2023-12-28,13.580818176269531,13.847107514992501,13.492054428475742,13.802726117260207,3953286
2023-12-29,13.31452751159668,13.691772741870144,13.292337287930648,13.580818766552254,4986355
2024-01-01,13.31452751159668,13.42548148691457,13.092618608631657,13.31452751159668,1935018
2024-01-02,13.159191131591797,13.381100033668178,13.114809732108215,13.381100033668178,2224620
2024-01-03,13.070426940917969,13.22576326238255,13.048235765757541,13.22576326238255,2543456
2024-01-04,13.358908653259277,13.802726450617934,13.270144903321702,13.3145272544551,6925065
2024-01-05,13.225763320922852,13.536435965227124,13.15919074747611,13.469862439451171,6388789
2024-01-08,13.558626174926758,13.802726245546106,13.336717279544406,13.51424477678197,10514423
2024-01-09,13.49205493927002,13.802726639816173,13.425481411657376,13.75834428807441,4443351
2024-01-10,13.780536651611328,14.135589757633417,13.51424539360088,13.62520032252088,15975236
2024-01-11,14.202162742614746,15.222942526085758,13.913681271728995,14.046825467142554,41941770
2024-01-12,13.802726745605469,14.890080086673981,13.647390417977217,14.668170230922842,18302431
2024-01-15,13.802726745605469,13.802726745605469,13.802726745605469,13.802726745605469,0
2024-01-16,16.265914916992188,17.242313330787454,15.910860861763977,16.643159195945806,33043965
2024-01-17,16.354677200317383,16.976022491600936,15.48923374178383,16.177151606800734,21030979
2024-01-18,15.933051109313965,17.06478585252558,15.533615653708422,16.576587597227192,18129901
2024-01-19,19.106346130371094,19.106346130371094,16.976021935971502,17.375457365297983,15192031
2024-01-23,19.5390682220459,22.301832442951216,19.5390682220459,21.968970522981376,5515954
2024-01-24,18.407333374023438,19.439208747034566,17.608462486142262,19.073061018582855,7629004
2024-01-25,19.572355270385742,19.971790703524558,18.906627643829335,18.93991345375964,4209561
2024-01-29,20.204795837402344,20.970380918570292,19.8053584866552,20.437798419126917,4469424
2024-01-30,19.5390682220459,20.271367493433072,19.372637262060977,20.238081682367778,2194044
2024-01-31,18.607051849365234,19.605641400868407,18.507192513283233,19.339351107755352,3941929
2024-02-01,18.507192611694336,18.9066280534879,17.97461202263625,18.77348290622338,2212432
2024-02-02,17.80817985534668,18.307474653247212,17.34217277405575,17.37545858600685,6054799
2024-02-05,16.077293395996094,17.808180434284445,16.04400567830432,17.808180434284445,9290631
2024-02-06,16.876163482666016,16.876163482666016,16.077292582347262,16.077292582347262,5229136
2024-02-07,16.743019104003906,17.575177758669334,16.47672879162902,17.042595229261014,4420747
2024-02-08,16.143863677978516,16.909448741953724,16.04400434253427,16.84287712142983,2410704
2024-02-09,15.544710159301758,16.24372362925404,15.34499243317078,16.177152006206285,3513424
2024-02-12,14.779126167297363,16.010719300325206,14.779126167297363,15.777715760326519,3033016
2024-02-13,15.51142406463623,15.51142406463623,14.046825528418328,14.745838985610993,4312822
2024-02-14,16.277009963989258,16.277009963989258,14.745839728770955,15.245134536312449,3852186
2024-02-15,16.31029510498047,17.07588209572388,15.81100127032747,16.510013781636744,4435036
2024-02-16,15.51142406463623,16.24372333274518,15.51142406463623,16.07729237350531,3539718
2024-02-19,16.277009963989258,16.277009963989258,15.777716108777033,15.811001921370856,2576811
2024-02-20,15.944146156311035,16.21043740334101,15.844286819633641,15.910860345638046,1574188
2024-02-21,15.81100082397461,16.24372302396518,15.6112831052857,16.110577878172574,1534537
2024-02-22,16.010719299316406,16.57658762417124,15.777715759332398,15.877574147231474,3989319
2024-02-23,15.777715682983398,16.44344048785734,15.677856343238298,15.977433410144354,2410038
2024-02-26,15.744428634643555,15.977433121621663,15.31170642411102,15.977433121621663,2176482
2024-02-27,15.344992637634277,15.811001623811775,15.211847485106206,15.811001623811775,1282330
2024-02-28,14.812411308288574,15.478137990933064,14.679266162225517,15.344991892540802,2277966
2024-02-29,15.478137969970703,15.544709590582867,14.47954842352098,14.845697098533902,2802810
2024-03-01,15.444851875305176,15.910860858378237,15.311706723664086,15.577997979275512,1927329
2024-03-04,15.211847305297852,15.711142097540936,15.178561493723906,15.711142097540936,1116613
2024-03-05,14.878984451293945,15.178561517576416,14.8124118757122,15.045415414083687,815731
2024-03-06,14.645979881286621,15.111988860164681,14.213257666183809,15.111988860164681,1818688
2024-03-07,14.44626235961914,14.945557156993777,14.313117207296472,14.645980088103146,1237485
2024-03-11,14.080113410949707,14.912271074004149,14.046825694980267,14.612694010559196,1228798
2024-03-12,13.547531127929688,14.612694249202557,13.381100163998314,14.612694249202557,3592780
2024-03-13,12.881805419921875,13.68067728796004,12.881805419921875,13.347813454085408,2420692
2024-03-14,13.281241416931152,13.514244950599641,12.24936508774788,12.415796999507561,2436438
2024-03-15,13.747249603271484,13.913681517049016,12.981664514087456,13.61410445318115,1455414
2024-03-18,13.68067741394043,13.980254486254594,13.381100341626265,13.913681909332475,2237529
2024-03-19,13.281241416931152,13.813822010835379,13.247954653647527,13.813822010835379,1163221
2024-03-20,13.847107887268066,13.91368141415012,13.281241479733646,13.347813101957247,1734330
2024-03-21,13.647390365600586,14.512834799925757,13.580818742391678,14.046825818829477,2251228
2024-03-22,13.414386749267578,13.680677049869521,13.347813221787858,13.58081866330841,1744240
2024-03-26,13.347813606262207,13.514245525096992,13.181382639756682,13.414387135659531,1925458
2024-03-27,13.347813606262207,13.647390679233117,13.247955216824744,13.38110037096087,2202291
2024-03-28,13.347813606262207,13.580819054494317,12.881805566785772,13.347813606262207,2227806
2024-04-01,13.980254173278809,14.01353998483007,13.580818720688253,13.614104532239514,1526986
2024-04-02,14.179971694946289,14.546120378372542,14.080113309404302,14.446261992830555,2274772
2024-04-03,14.878984451293945,14.878984451293945,14.213257743147256,14.479548997803477,2305204
2024-04-04,15.478137969970703,15.611283115853439,15.14527415293466,15.444851207335416,3056790
2024-04-05,15.31170654296875,15.577997795437641,15.04541529049986,15.31170654296875,2602306
2024-04-08,15.6778564453125,15.811001597620008,15.178561647994718,15.611283869158745,3557830
2024-04-09,15.378278732299805,15.91086027155063,15.211846822722196,15.777715124820226,2383456
2024-04-10,15.544710159301758,15.711142073908858,15.178561470892918,15.444851772400888,2450965
2024-04-12,17.075881958007812,17.075881958007812,15.711141805289818,15.711141805289818,12570312
2024-04-15,16.510013580322266,16.74301806536063,15.71114174042588,16.476727769504908,7919487
2024-04-16,17.142454147338867,17.442030265164835,16.177152265089358,16.44344066620027,6751356
2024-04-18,16.94273567199707,17.841467845735995,16.57658792559936,17.375458852635592,3784200
2024-04-19,16.743019104003906,17.17574229010701,16.410155261206025,16.676447478239464,3882342
2024-04-22,17.075881958007812,17.3754580659177,16.643158796961927,16.87616328296226,3659811
2024-04-23,17.80817985534668,18.041184348321394,17.308885057446147,17.442030209909056,8371239
2024-04-24,17.974613189697266,18.14104415841939,17.774894503503877,17.974613189697266,4717621
2024-04-25,18.074472427368164,18.274189207738083,17.774894399825474,17.974613084853935,4527753
2024-04-26,17.974613189697266,18.34076284461278,17.641749347594466,18.307475127141515,4049916
2024-04-29,17.974613189697266,18.307475127141515,17.841468033787855,18.14104415841939,4183056
2024-04-30,17.708322525024414,18.141043796943002,17.67503671287495,17.97461283153716,2684505
2024-05-02,17.475317001342773,18.0078975829986,17.209026710514863,17.841466627395754,5533221
2024-05-03,17.17574119567871,17.60846244955051,16.80958965867102,17.57517663878924,3250000
2024-05-06,18.141042709350586,18.207616234316813,17.242312502586135,17.442029268168014,6010197
2024-05-07,18.041183471679688,18.27418795333245,17.70832155902581,18.207616332665037,4674846
2024-05-08,17.94132423400879,18.20761643210805,17.874752612977787,18.107757095903132,3229888
2024-05-09,18.44061851501465,18.90662746834719,17.941323752060747,17.941323752060747,8415544
2024-05-10,18.507192611694336,19.006487390100897,18.34076165377829,18.640337758958857,5184784
2024-05-13,18.340761184692383,18.70691080646973,17.841466419055855,18.60705147241075,4149973
2024-05-14,18.640338897705078,18.97320273853039,18.174331806139893,18.37404858690825,4690584
2024-05-15,18.873342514038086,19.272777961571364,18.407333539586702,18.773483175990155,4136857
2024-05-16,19.073060989379883,19.172920326376744,18.740197167609825,19.172920326376744,5630235
2024-05-17,18.706911087036133,18.97320137874832,18.57376594118004,18.97320137874832,2850094
2024-05-21,18.8067684173584,18.873341942259625,18.440618792047655,18.773482607236986,4485705
2024-05-22,18.607051849365234,18.840056332003766,18.34076155625218,18.640337659839762,3809359
2024-05-23,18.607051849365234,18.93991376342735,18.440618987675762,18.573766038890707,3393880
2024-05-24,19.206207275390625,19.37263824380978,18.307475093814958,18.640338935311817,6388537
2024-05-27,19.838645935058594,20.77066196337618,19.40592277913161,19.638927262375613,13311949
2024-05-28,20.471086502075195,20.937093578543614,19.93850399307653,20.937093578543614,5402187
2024-05-29,20.704090118408203,20.803947549011646,19.971790866032556,20.604230783146363,6840481
2024-05-30,20.903806686401367,21.17009887946507,20.47108544390732,20.73737573231264,6768888
2024-05-31,21.0036678314209,21.269958142782812,20.704091707303384,21.269958142782812,5340775
2024-06-03,20.737377166748047,21.40310293381059,19.43920954015294,21.30324359258658,4050289
2024-06-04,19.239492416381836,21.07024062370484,18.673626000719214,20.97038128427659,4640271
2024-06-05,19.93850326538086,20.238081272882372,18.939913716359307,19.772072308763402,3561208
2024-06-06,20.071651458740234,20.604232073957228,19.70550180961392,20.271368237117347,4854459
2024-06-07,20.404512405395508,20.570945268106097,20.071650489291184,20.071650489291184,5588485
2024-06-10,19.26612091064453,20.80394783829012,19.079717704404413,20.604231069647778,4198540
2024-06-11,19.033117294311523,19.539068877170124,18.97320245145342,19.30606438258377,3342984
2024-06-12,19.399267196655273,19.519096883942744,18.84671432670233,18.986516263423894,6665815
2024-06-13,19.51909637451172,19.60564215158117,19.21952025945317,19.472496999926427,3211357
2024-06-14,19.28609275817871,19.9318462330713,18.706910903230867,19.632270134003182,4245570
2024-06-18,19.33269500732422,19.505782751613168,19.04643245598336,19.299407291019165,3583840
2024-06-19,19.525754928588867,19.865275539177834,19.346008498905476,19.49912589843794,4197157
2024-06-20,19.798702239990234,21.28992985031266,19.605642245332294,19.612299026782242,18500323
2024-06-21,19.37929344177246,20.371226198926053,19.2927495738258,19.93184626880124,5620500
2024-06-24,18.71356773376465,19.638926966983234,18.646994208985525,19.472496012023015,6709281
2024-06-25,18.686939239501953,19.08637468563116,18.627024398747185,18.7135682692439,5446044
2024-06-26,18.58042335510254,18.766826565649414,18.47390723479004,18.68693947541504,4223796
2024-06-27,18.50053596496582,18.66031014284456,18.327446319934637,18.44727790567291,3830374
2024-06-28,18.54047966003418,18.72688287864804,18.320790628546764,18.600394504138283,3348502
2024-07-01,18.73354148864746,18.90662923861178,18.60705311465289,18.640338927390868,2964939
2024-07-02,18.746854782104492,19.2528082708019,18.480564474715603,18.826741874321158,4424785
2024-07-03,18.666967391967773,18.840057041337342,18.527165458984438,18.760169950395653,3341097
2024-07-04,18.413991928100586,18.760169310371,18.37404743166325,18.68028222215475,2712198
2024-07-05,18.380704879760742,18.61370937167689,18.30747457007421,18.440619721932226,3291598
2024-07-08,18.334104537963867,18.62702385659974,18.074471029372017,18.507192273919507,3202192
2024-07-09,18.101099014282227,18.480564123595666,17.954640300330226,18.440619625916995,2935116
2024-07-10,17.73495101928711,18.4739070736751,17.641748462497276,18.20095808926091,3892876
2024-07-11,17.28891372680664,18.081127814932902,17.255627916754364,17.87475236422367,5258380
2024-07-12,17.488630294799805,17.57517606648269,17.26894128440743,17.308883875088604,2755834
2024-07-15,17.40874481201172,17.64174931052827,17.209028030896494,17.57517768504271,2745967
2024-07-16,17.302227020263672,17.741606943832146,16.782960011015327,17.50860246776793,4026981
2024-07-18,18.96654510498047,19.29940702619565,17.308884661577004,17.668377517334196,15459399
2024-07-19,18.88665771484375,19.8053582788806,18.653653230905142,19.16626157184334,9503890
2024-07-22,18.260875701904297,19.57235691257506,17.97461314130512,18.90662923016177,2943366
2024-07-23,18.660310745239258,18.973202329850533,17.308885066231664,18.973202329850533,3098737
2024-07-24,18.61370849609375,18.93325684552153,18.467249788268553,18.706911050339386,3308974
2024-07-25,18.46059226989746,18.75351351338828,18.10775808792319,18.473907737628192,2651403
2024-07-26,19.053089141845703,19.419238782097484,18.6403382227273,18.6403382227273,5740921
2024-07-29,19.8120174407959,20.903807674885492,19.43920911474098,20.297996763951648,6233818
2024-07-30,19.452524185180664,20.17816666908547,19.29940678906695,19.93850349841974,4881163
2024-07-31,19.319379806518555,19.75210298253038,19.17292109045712,19.585670112683445,3943759
2024-08-01,19.03977394104004,19.705501607905305,18.660310732746808,19.425895835449214,3453117
2024-08-02,18.83340072631836,19.033117506289173,18.407334326086318,18.933258163974497,2843410
2024-08-05,17.921354293823242,18.620365853672443,17.641748527088485,18.620365853672443,2333901
2024-08-06,17.881410598754883,18.42730668941286,17.608463505755168,18.141044128514878,2892540
2024-08-07,17.994585037231445,18.194301814304414,17.92135472695267,18.047843098405373,3194104
2024-08-08,18.127729415893555,18.307473936184415,17.87475268379331,18.041183641688594,2989774
2024-08-09,19.086374282836914,19.472496158275746,18.38070405723839,18.407333086418365,6614259
2024-08-12,20.617544174194336,20.837235090878174,18.733539905369632,19.638926887001347,14022282
2024-08-13,20.903806686401367,21.236670499237206,20.17150934561593,20.970380210831888,10119018
2024-08-14,21.0036678314209,21.170100704516003,20.590918801139207,20.83723686298434,8911467
2024-08-16,20.94375228881836,21.596162577560516,20.71074779798538,21.223356154091146,6164391
2024-08-19,20.564287185668945,21.15012775596093,20.291340101708865,20.903807797598436,5201973
2024-08-20,21.216699600219727,21.303243473288585,20.304653875957605,20.737377050618896,13839135
2024-08-21,20.590917587280273,21.602820710802654,19.98510478382212,21.569534900009288,11925885
2024-08-22,20.46442985534668,20.930436934881545,20.35125504768581,20.737376940702465,6009372
2024-08-23,20.61088752746582,20.764004920639554,20.351254018111817,20.604230746369154,3814707
2024-08-26,20.311311721801758,20.897150369299844,20.104936267541238,20.790634251572918,4622121
2024-08-27,20.36457061767578,20.577602861885534,20.111593875347445,20.397856429668927,3688614
2024-08-28,20.21145248413086,20.451113750188725,20.138222176670794,20.431141501852625,3232648
2024-08-29,20.21145248413086,20.570945335546874,20.138222176670794,20.30465313526859,5744809
2024-08-30,20.837236404418945,20.970381557169773,20.1315661425103,20.291340325811298,6997150
2024-09-02,20.95706558227539,21.323215219641718,20.444457232757607,21.26995715983056,5178126
2024-09-03,21.0036678314209,21.236672330027208,20.803949145570193,21.136812987101855,4924633
2024-09-04,21.296586990356445,21.96231466768164,20.54431734340775,20.890494745194417,12937329
2024-09-05,23.872947692871094,24.165868932367605,21.436388550639844,21.63610723126774,50218593
2024-09-06,23.520112991333008,24.964739288979516,23.087391732497974,24.964739288979516,21833457
2024-09-09,23.1140193939209,24.19915476614852,22.641353627021797,23.733145780700774,9018214
2024-09-10,23.560054779052734,23.966148898829488,23.000845171384395,23.466854130103872,10975314
2024-09-11,23.666574478149414,24.432157685886036,23.307081609677127,23.619973198040316,15071208
2024-09-12,23.446882247924805,24.092635733543915,23.133990676875307,23.819688658851486,6302406
2024-09-13,24.239097595214844,24.625219493025476,23.433567987354643,23.52677054721389,12045522
2024-09-16,24.525360107421875,25.231030372634162,24.145896896470155,24.498731076747042,12573069
2024-09-17,24.29901123046875,24.751706634915934,23.97946287767668,24.731734386701824,8372025
2024-09-18,23.986122131347656,24.46544467188284,23.819689265167977,24.29901180570316,6415657
2024-09-19,23.80637550354004,24.43215675168006,22.914302052669544,24.09929483141926,12837019
2024-09-20,23.600000381469727,24.099295173608944,23.034132061537992,23.75311778119989,7726729
2024-09-23,23.579999923706055,24.333332061767578,23.286666870117188,24.0,6833868
2024-09-24,23.773332595825195,23.899999618530273,23.02666664123535,23.333332061767578,8025099
2024-09-25,23.139999389648438,23.933332443237305,23.00666618347168,23.860000610351562,6727071
2024-09-26,23.34000015258789,23.799999237060547,23.04666519165039,23.333332061767578,6923157
2024-09-27,22.579999923706055,23.866666793823242,22.366666793823242,23.34000015258789,5800179
2024-09-30,22.5,23.233333587646484,22.059999465942383,22.700000762939453,4904550
2024-10-01,22.739999771118164,23.100000381469727,22.200000762939453,22.53333282470703,6812923
2024-10-03,22.073333740234375,22.5,21.733333587646484,22.200000762939453,5609349
2024-10-04,21.726665496826172,22.0,21.106666564941406,22.0,5166393
2024-10-07,20.913333892822266,22.17333221435547,20.633333206176758,21.726665496826172,6597480
2024-10-08,21.586666107177734,22.399999618530273,20.440000534057617,20.913333892822266,6661497
2024-10-09,21.459999084472656,22.0,21.266666412353516,21.733333587646484,4347741
2024-10-10,20.926666259765625,21.81999969482422,20.766666412353516,21.540000915527344,4321954
2024-10-11,21.593332290649414,21.833332061767578,20.66666603088379,21.020000457763672,4051536
2024-10-14,20.88666534423828,21.926666259765625,20.786666870117188,21.68666648864746,1898650
2024-10-15,20.366666793823242,21.920000076293945,20.106666564941406,20.88666534423828,10204284
2024-10-16,20.020000457763672,20.760000228881836,19.520000457763672,20.466665267944336,4480413
2024-10-17,19.360000610351562,20.066665649414062,19.16666603088379,20.03333282470703,2633664
2024-10-18,19.54666519165039,19.860000610351562,19.0,19.333332061767578,3835803
2024-10-21,19.01333236694336,20.333332061767578,18.866666793823242,19.566665649414062,9681751
2024-10-22,19.15333366394043,20.0,18.200000762939453,19.19333267211914,26854755
2024-10-23,18.413333892822266,20.600000381469727,18.073333740234375,20.600000381469727,11554998
2024-10-24,18.053333282470703,18.99333381652832,18.0,18.53333282470703,3449686
2024-10-25,18.020000457763672,18.360000610351562,17.733333587646484,18.113332748413086,3242245
2024-10-28,18.31333351135254,18.65999984741211,17.84666633605957,18.02666664123535,3468946
2024-10-29,18.47333335876465,18.8266658782959,18.139999389648438,18.333332061767578,2272719
2024-10-30,18.68000030517578,19.239999771118164,18.34666633605957,18.466665267944336,3000996
2024-10-31,19.03333282470703,19.35333251953125,18.520000457763672,18.66666603088379,3657276
2024-11-01,19.286666870117188,19.899999618530273,19.00666618347168,19.00666618347168,1015684
2024-11-04,18.66666603088379,19.479999542236328,18.413333892822266,19.333332061767578,2756002
2024-11-05,18.953332901000977,19.333332061767578,18.5,18.5,3385789
2024-11-06,18.893333435058594,19.246665954589844,18.773332595825195,19.15999984741211,3016363
2024-11-07,18.953332901000977,19.093332290649414,18.706666946411133,18.966665267944336,4188612
2024-11-08,18.793333053588867,19.03333282470703,18.426666259765625,19.03333282470703,3278352
2024-11-11,18.633333206176758,18.866666793823242,18.440000534057617,18.799999237060547,3557595
2024-11-12,18.433332443237305,18.799999237060547,18.333332061767578,18.746665954589844,3241680
2024-11-13,18.066665649414062,18.5,17.833332061767578,18.5,3536649
2024-11-14,18.053333282470703,18.266666412353516,17.66666603088379,18.00666618347168,3182158
2024-11-18,18.02666664123535,18.586666107177734,17.799999237060547,18.15333366394043,3602292
2024-11-19,18.613332748413086,18.85333251953125,18.0,18.126665115356445,2676621
2024-11-21,17.99333381652832,18.600000381469727,17.833332061767578,18.600000381469727,3856609
2024-11-22,18.459999084472656,18.66666603088379,17.893333435058594,18.01333236694336,3664353
2024-11-25,18.333332061767578,18.766666412353516,17.540000915527344,18.700000762939453,2913277
2024-11-26,18.53333282470703,18.566665649414062,18.15333366394043,18.3266658782959,2861811
2024-11-27,18.573333740234375,18.700000762939453,18.373332977294922,18.593332290649414,5619045
2024-11-28,18.213333129882812,18.65999984741211,18.200000762939453,18.6200008392334,2860069
2024-11-29,18.15999984741211,18.486665725708008,17.700000762939453,18.266666412353516,3615528
2024-12-02,17.926666259765625,18.086666107177734,17.806665420532227,18.0,3783225
2024-12-03,18.299999237060547,18.433332443237305,17.913333892822266,17.979999542236328,3189514
2024-12-04,18.3266658782959,18.799999237060547,18.233333587646484,18.459999084472656,2648064
2024-12-05,18.3266658782959,18.553333282470703,18.00666618347168,18.420000076293945,3412098
2024-12-06,18.366666793823242,18.559999465942383,18.100000381469727,18.399999618530273,4112880
2024-12-09,18.3266658782959,18.733333587646484,18.219999313354492,18.31999969482422,4036605
2024-12-10,18.15333366394043,18.52666664123535,18.133333206176758,18.393333435058594,2167603
2024-12-11,18.446666717529297,18.586666107177734,17.97333335876465,18.299999237060547,5966517
2024-12-12,18.65999984741211,19.133333206176758,18.133333206176758,18.49333381652832,6913653
2024-12-13,18.366666793823242,18.706666946411133,18.213333129882812,18.66666603088379,2283612
2024-12-16,18.233333587646484,18.593332290649414,18.16666603088379,18.453332901000977,1812544
2024-12-17,18.579999923706055,18.66666603088379,18.03333282470703,18.233333587646484,3970633
2024-12-18,18.34666633605957,18.52666664123535,18.133333206176758,18.52666664123535,2606517
2024-12-19,18.18000030517578,18.333332061767578,17.84000015258789,18.333332061767578,3650578
2024-12-20,17.899999618530273,18.49333381652832,17.700000762939453,18.466665267944336,2821879
2024-12-23,18.17333221435547,18.366666793823242,17.5,17.899999618530273,4364200
2024-12-24,18.066665649414062,18.273332595825195,17.66666603088379,18.0,3815019
2024-12-26,18.086666107177734,18.260000228881836,17.899999618530273,18.0,2388555
2024-12-27,18.213333129882812,18.266666412353516,17.940000534057617,17.940000534057617,2302185
2024-12-30,17.899999618530273,18.213333129882812,17.739999771118164,18.066665649414062,4104922
2024-12-31,17.940000534057617,18.333332061767578,17.833332061767578,17.899999618530273,4748091
2025-01-01,18.133333206176758,18.273332595825195,18.040000915527344,18.073333740234375,3749833
2025-01-02,18.15999984741211,18.393333435058594,18.0,18.226665496826172,3087865
2025-01-03,18.01333236694336,18.393333435058594,17.933332443237305,18.16666603088379,3546172
2025-01-06,18.0,18.100000381469727,17.68000030517578,18.00666618347168,3575857
2025-01-07,17.946666717529297,18.126665115356445,17.646665573120117,17.733333587646484,2583036
2025-01-08,17.799999237060547,18.020000457763672,17.366666793823242,18.0,4072713
2025-01-09,17.786666870117188,17.979999542236328,17.739999771118164,17.899999618530273,2872831
2025-01-10,17.593332290649414,17.873332977294922,17.50666618347168,17.786666870117188,3285874
2025-01-13,16.586666107177734,17.586666107177734,16.100000381469727,17.586666107177734,4621411
2025-01-14,17.51333236694336,18.946666717529297,16.246665954589844,16.66666603088379,4360375
2025-01-15,17.553333282470703,18.3266658782959,17.453332901000977,17.766666412353516,4251000
2025-01-16,17.606666564941406,18.066665649414062,17.366666793823242,17.573333740234375,4628725
2025-01-17,17.373332977294922,17.780000686645508,16.799999237060547,17.780000686645508,4052983
2025-01-20,16.626665115356445,17.946666717529297,16.47333335876465,17.51333236694336,6103696
2025-01-21,16.226665496826172,16.719999313354492,16.113332748413086,16.613332748413086,2814772
2025-01-22,15.233332633972168,16.233333587646484,15.039999961853027,16.226665496826172,6022176
2025-01-23,15.119999885559082,15.433333396911621,14.973333358764648,15.180000305175781,3157755
2025-01-24,15.813332557678223,16.146665573120117,15.013333320617676,15.273332595825195,3425119
2025-01-27,15.199999809265137,15.680000305175781,14.466666221618652,15.539999961853027,5116771
2025-01-28,14.91333293914795,15.493332862854004,14.680000305175781,15.353333473205566,4759560
2025-01-29,14.65999984741211,15.066665649414062,14.539999961853027,15.0,3561315
2025-01-30,14.75333309173584,16.399999618530273,14.513333320617676,14.920000076293945,17699137
2025-01-31,14.713333129882812,15.399999618530273,14.566665649414062,15.180000305175781,4800490
2025-02-01,14.460000038146973,14.966666221618652,14.119999885559082,14.779999732971191,2311218
2025-02-03,13.986665725708008,14.300000190734863,13.680000305175781,14.293333053588867,4283742
2025-02-04,13.960000038146973,15.100000381469727,13.673333168029785,14.319999694824219,8691360
2025-02-05,13.686665534973145,14.333333015441895,13.5,14.0600004196167,5252277
2025-02-06,14.033332824707031,14.733332633972168,13.5,13.733332633972168,11470095
2025-02-07,13.553333282470703,14.539999961853027,13.41333293914795,14.233332633972168,5413491
2025-02-10,13.300000190734863,13.646665573120117,12.84666633605957,13.553333282470703,7473679
2025-02-11,12.766666412353516,13.553333282470703,12.666666030883789,13.50666618347168,4400211
2025-02-12,11.979999542236328,13.066665649414062,11.473333358764648,12.666666030883789,7636341
2025-02-13,12.09333324432373,12.266666412353516,11.806666374206543,12.0600004196167,3991167
2025-02-14,11.513333320617676,12.319999694824219,11.326665878295898,12.239999771118164,4583146
2025-02-17,11.60666561126709,11.993332862854004,11.039999961853027,11.69333267211914,4769941
2025-02-18,12.4399995803833,12.699999809265137,11.420000076293945,11.766666412353516,4210717
2025-02-19,12.613332748413086,12.800000190734863,12.353333473205566,12.41333293914795,4950169
2025-02-20,12.673333168029785,12.920000076293945,12.473333358764648,12.613332748413086,4621714
2025-02-21,12.600000381469727,12.993332862854004,12.539999961853027,12.65999984741211,4619665
2025-02-24,12.65999984741211,12.866665840148926,12.133333206176758,12.600000381469727,5418952
2025-02-25,12.806666374206543,12.993332862854004,12.680000305175781,12.733332633972168,5052606
2025-02-27,13.666666030883789,13.966666221618652,13.133333206176758,13.266666412353516,6556056
2025-02-28,13.226666450500488,13.94666576385498,13.0,13.886666297912598,7724317
2025-03-03,12.65999984741211,13.313332557678223,12.420000076293945,13.199999809265137,6436785
2025-03-04,12.779999732971191,13.0,12.433333396911621,12.526665687561035,4597305
2025-03-05,13.653332710266113,13.866665840148926,12.800000190734863,12.800000190734863,9039957
2025-03-06,13.426666259765625,14.146665573120117,13.199999809265137,13.800000190734863,7636834
2025-03-07,13.766666412353516,13.986665725708008,13.393333435058594,13.50666618347168,8287089
2025-03-10,14.050000190734863,16.520000457763672,13.5,14.350000381469727,7033158
2025-03-11,13.140000343322754,14.050000190734863,11.75,13.989999771118164,9576892
2025-03-12,12.369999885559082,13.170000076293945,12.170000076293945,12.960000038146973,3488487
2025-03-13,12.399999618530273,12.829999923706055,12.210000038146973,12.369999885559082,4864544
2025-03-17,12.739999771118164,12.869999885559082,12.300000190734863,12.59000015258789,5368802
2025-03-18,12.739999771118164,12.739999771118164,12.739999771118164,12.739999771118164,0
2025-03-19,12.420000076293945,12.930000305175781,12.210000038146973,12.779999732971191,5244064
2025-03-20,12.569999694824219,12.789999961853027,12.420000076293945,12.649999618530273,5527775
2025-03-21,12.470000267028809,12.789999961853027,12.329999923706055,12.699999809265137,3120819
2025-03-24,12.539999961853027,12.75,12.420000076293945,12.550000190734863,6498475
2025-03-25,12.4399995803833,12.720000267028809,12.300000190734863,12.600000381469727,8645036
2025-03-26,12.449999809265137,12.579999923706055,12.130000114440918,12.4399995803833,12103757
2025-03-27,12.40999984741211,12.5600004196167,12.220000267028809,12.449999809265137,8807625
2025-03-28,12.59000015258789,12.649999618530273,12.25,12.399999618530273,7080804
2025-04-01,12.449999809265137,12.65999984741211,12.380000114440918,12.59000015258789,1514474
2025-04-02,12.640000343322754,12.6899995803833,12.34000015258789,12.5,5682873
2025-04-03,12.739999771118164,12.8100004196167,12.4399995803833,12.600000381469727,5714572
2025-04-04,12.600000381469727,12.859999656677246,12.420000076293945,12.75,2808263
2025-04-07,12.270000457763672,12.4399995803833,10.949999809265137,11.0,4832086
2025-04-08,12.65999984741211,12.819999694824219,12.319999694824219,12.600000381469727,4701553
2025-04-09,12.65999984741211,12.8100004196167,12.510000228881836,12.600000381469727,2975966
2025-04-11,12.970000267028809,13.15999984741211,12.84000015258789,12.890000343322754,5903782
2025-04-15,14.079999923706055,14.149999618530273,13.09000015258789,13.210000038146973,10842764
2025-04-16,14.850000381469727,15.100000381469727,13.890000343322754,14.100000381469727,11750538
2025-04-17,14.729999542236328,15.680000305175781,14.550000190734863,15.0,8650186
2025-04-21,13.899999618530273,14.989999771118164,13.84000015258789,14.84000015258789,6737087
2025-04-22,13.90999984741211,14.15999984741211,13.40999984741211,13.970000267028809,5437490
2025-04-23,13.579999923706055,14.050000190734863,13.449999809265137,13.989999771118164,5720993
2025-04-24,14.020000457763672,14.09000015258789,13.5,13.609999656677246,6574197
2025-04-25,13.40999984741211,14.180000305175781,13.199999809265137,14.09000015258789,3319524
2025-04-28,13.329999923706055,13.75,13.09000015258789,13.569999694824219,5385265
2025-04-29,13.470000267028809,13.760000228881836,12.850000381469727,13.449999809265137,7160106
2025-04-30,13.350000381469727,13.550000190734863,13.100000381469727,13.5,3198952
2025-05-02,13.239999771118164,13.529999732971191,13.15999984741211,13.40999984741211,2731246
2025-05-05,13.279999732971191,13.569999694824219,13.239999771118164,13.539999961853027,3057567
2025-05-06,13.289999961853027,13.489999771118164,13.0,13.369999885559082,8204026
2025-05-07,13.1899995803833,13.5,13.010000228881836,13.300000190734863,7674608
2025-05-08,13.449999809265137,13.520000457763672,13.15999984741211,13.260000228881836,5094541
2025-05-09,13.229999542236328,13.399999618530273,13.079999923706055,13.279999732971191,5231226
2025-05-12,13.399999618530273,13.600000381469727,13.319999694824219,13.550000190734863,3044855
2025-05-13,13.239999771118164,13.479999542236328,13.109999656677246,13.350000381469727,4525980
2025-05-14,13.59000015258789,13.6899995803833,13.199999809265137,13.329999923706055,7169387
2025-05-15,13.670000076293945,13.800000190734863,13.430000305175781,13.539999961853027,4499314
2025-05-16,14.680000305175781,15.199999809265137,14.0,14.0,19164190
2025-05-19,14.75,14.880000114440918,14.420000076293945,14.680000305175781,5062275
2025-05-20,15.0,15.199999809265137,14.479999542236328,14.649999618530273,9880131
2025-05-21,14.75,15.140000343322754,14.270000457763672,15.010000228881836,6271919
2025-05-22,14.880000114440918,15.1899995803833,14.510000228881836,15.100000381469727,7693089
2025-05-23,14.859999656677246,15.050000190734863,14.779999732971191,15.050000190734863,4041559
2025-05-26,14.649999618530273,14.930000305175781,14.510000228881836,14.890000343322754,5875461
2025-05-27,14.59000015258789,14.720000267028809,14.470000267028809,14.649999618530273,3219889
2025-05-28,14.600000381469727,14.670000076293945,14.470000267028809,14.630000114440918,5305515
2025-05-29,14.8100004196167,14.949999809265137,14.359999656677246,14.670000076293945,8921220
2025-05-30,14.890000343322754,15.0,14.520000457763672,14.699999809265137,7896072
2025-06-02,14.90999984741211,15.0,14.65999984741211,14.979999542236328,8296600
2025-06-03,14.729999542236328,14.90999984741211,14.600000381469727,14.84000015258789,4889670
2025-06-04,14.880000114440918,14.970000267028809,14.609999656677246,14.729999542236328,7957335
2025-06-05,14.930000305175781,15.0,14.670000076293945,14.979999542236328,5481735
2025-06-06,14.720000267028809,14.9399995803833,14.479999542236328,14.899999618530273,7095877
2025-06-09,14.930000305175781,15.0600004196167,14.5600004196167,14.65999984741211,7818885
2025-06-10,14.800000190734863,14.989999771118164,14.65999984741211,14.989999771118164,5221252
2025-06-11,14.720000267028809,14.850000381469727,14.5600004196167,14.710000038146973,5350495
2025-06-12,14.770000457763672,14.850000381469727,14.5600004196167,14.710000038146973,5131909
2025-06-13,14.869999885559082,14.880000114440918,14.510000228881836,14.640000343322754,6991311
2025-06-16,14.649999618530273,14.800000190734863,14.449999809265137,14.720000267028809,8779837
2025-06-17,14.930000305175781,14.979999542236328,14.520000457763672,14.619999885559082,12005373
2025-06-18,15.880000114440918,16.200000762939453,14.6899995803833,14.989999771118164,14261954
2025-06-19,14.529999732971191,16.34000015258789,14.210000038146973,15.84000015258789,21761376
2025-06-20,14.550000190734863,14.770000457763672,14.25,14.649999618530273,11163089
2025-06-23,14.670000076293945,14.75,14.289999961853027,14.550000190734863,9182258
2025-06-24,14.619999885559082,14.850000381469727,14.220000267028809,14.710000038146973,7404174
2025-06-25,14.729999542236328,14.779999732971191,14.4399995803833,14.699999809265137,12219107
2025-06-26,14.609999656677246,15.149999618530273,14.529999732971191,15.020000457763672,9163886
2025-06-27,14.829999923706055,14.979999542236328,14.510000228881836,14.720000267028809,11577148
2025-06-30,14.6899995803833,14.989999771118164,14.600000381469727,14.899999618530273,6653908
2025-07-01,14.680000305175781,14.760000228881836,14.5600004196167,14.6899995803833,5073627
2025-07-02,14.630000114440918,14.770000457763672,14.5,14.600000381469727,6230385
2025-07-03,14.770000457763672,14.84000015258789,14.479999542236328,14.640000343322754,6810997
2025-07-04,14.9399995803833,15.050000190734863,14.65999984741211,14.739999771118164,8104582
2025-07-07,15.289999961853027,15.600000381469727,14.859999656677246,14.9399995803833,8271171
2025-07-08,15.479999542236328,15.770000457763672,15.15999984741211,15.319999694824219,9142604
2025-07-09,15.399999618530273,15.789999961853027,15.300000190734863,15.5600004196167,11148141
2025-07-10,15.390000343322754,15.649999618530273,15.229999542236328,15.449999809265137,9623534
2025-07-11,16.15999984741211,16.3700008392334,15.369999885559082,15.4399995803833,10142370
2025-07-14,16.1299991607666,16.389999389648438,15.819999694824219,16.15999984741211,6326946
2025-07-15,15.739999771118164,16.049999237060547,15.050000190734863,16.010000228881836,10566507
2025-07-16,15.789999961853027,15.920000076293945,15.479999542236328,15.729999542236328,7860391
2025-07-17,15.829999923706055,15.989999771118164,15.6899995803833,15.760000228881836,7727307
2025-07-18,16.489999771118164,17.1200008392334,15.649999618530273,15.819999694824219,11359840
2025-07-21,16.920000076293945,17.3700008392334,16.299999237060547,16.489999771118164,9753757
2025-07-22,16.889999389648438,17.049999237060547,16.65999984741211,16.790000915527344,7619402
2025-07-23,16.969999313354492,17.110000610351562,16.809999465942383,16.90999984741211,8746372
2025-07-24,16.799999237060547,17.0,16.6200008392334,16.989999771118164,5904038
2025-07-25,17.40999984741211,17.510000228881836,16.75,16.950000762939453,11337235
2025-07-28,17.200000762939453,17.510000228881836,17.040000915527344,17.479999542236328,6113902
2025-07-29,17.3700008392334,17.5,16.899999618530273,17.09000015258789,9416563
2025-07-30,17.90999984741211,18.010000228881836,17.270000457763672,17.3799991607666,8551685
2025-07-31,17.5,17.799999237060547,17.219999313354492,17.799999237060547,6547773
2025-08-01,18.020000457763672,18.1200008392334,17.309999465942383,17.5,7933509
2025-08-04,17.81999969482422,18.3799991607666,17.6200008392334,18.020000457763672,7295510
2025-08-05,17.93000030517578,18.049999237060547,17.739999771118164,17.809999465942383,6038335
2025-08-06,17.6299991607666,17.90999984741211,17.3799991607666,17.81999969482422,8613066
2025-08-07,17.790000915527344,17.969999313354492,17.510000228881836,17.799999237060547,5621326
2025-08-08,17.600000381469727,18.299999237060547,17.200000762939453,17.670000076293945,9756584
2025-08-11,18.309999465942383,18.399999618530273,17.510000228881836,17.760000228881836,9144030
2025-08-12,18.110000610351562,18.299999237060547,17.959999084472656,18.299999237060547,5242392
2025-08-13,18.329999923706055,18.420000076293945,18.030000686645508,18.110000610351562,7387139
2025-08-14,18.809999465942383,19.219999313354492,18.280000686645508,18.299999237060547,13557563
2025-08-18,18.90999984741211,19.030000686645508,18.649999618530273,18.959999084472656,7711548
2025-08-19,18.93000030517578,19.149999618530273,18.700000762939453,18.81999969482422,8001160
2025-08-20,19.110000610351562,19.200000762939453,18.799999237060547,18.93000030517578,6562772
2025-08-21,18.799999237060547,19.229999542236328,15.550000190734863,19.010000228881836,11910462
2025-08-22,18.93000030517578,19.209999084472656,18.81999969482422,19.0,8278853
2025-08-25,19.139999389648438,19.209999084472656,18.860000610351562,18.950000762939453,9232621
2025-08-26,18.829999923706055,19.15999984741211,18.700000762939453,19.110000610351562,8076800
2025-08-28,19.09000015258789,19.280000686645508,18.6299991607666,18.799999237060547,10520008
2025-08-29,19.110000610351562,19.309999465942383,18.989999771118164,19.270000457763672,7006489
2025-09-01,19.329999923706055,19.440000534057617,19.1299991607666,19.3799991607666,8166947
2025-09-02,19.829999923706055,20.09000015258789,19.09000015258789,19.299999237060547,14092067
2025-09-03,20.030000686645508,20.190000534057617,19.860000610351562,19.90999984741211,7191226
2025-09-04,20.18000030517578,20.360000610351562,20.0,20.209999084472656,6468949
2025-09-05,20.43000030517578,20.510000228881836,20.079999923706055,20.350000381469727,7926206
2025-09-08,20.31999969482422,20.649999618530273,20.18000030517578,20.649999618530273,5538736
2025-09-09,20.549999237060547,20.68000030517578,20.3700008392334,20.450000762939453,6466456
2025-09-10,20.979999542236328,21.09000015258789,20.559999465942383,20.600000381469727,10877219
2025-09-11,21.309999465942383,21.450000762939453,20.969999313354492,21.049999237060547,7953997
2025-09-12,21.84000015258789,21.989999771118164,21.40999984741211,21.40999984741211,7720883
2025-09-15,22.190000534057617,22.389999389648438,21.84000015258789,21.84000015258789,8438480
2025-09-16,21.700000762939453,22.350000381469727,21.610000610351562,22.100000381469727,7978636
2025-09-17,21.479999542236328,21.8700008392334,21.030000686645508,21.700000762939453,9200145
2025-09-18,21.3799991607666,21.65999984741211,21.190000534057617,21.3700008392334,8368670
2025-09-19,21.389999389648438,21.600000381469727,21.309999465942383,21.3799991607666,6314534
2025-09-22,21.40999984741211,21.579999923706055,21.229999542236328,21.389999389648438,8661755
2025-09-23,21.8799991607666,22.049999237060547,21.34000015258789,21.5,8764338
2025-09-24,21.520000457763672,21.979999542236328,21.389999389648438,21.899999618530273,7840159
2025-09-25,21.809999465942383,21.989999771118164,21.469999313354492,21.5,12396404
2025-09-26,21.59000015258789,21.850000381469727,21.209999084472656,21.850000381469727,13318007
2025-09-29,21.399999618530273,21.6200008392334,21.200000762939453,21.510000228881836,7638247
2025-09-30,21.479999542236328,21.579999923706055,21.149999618530273,21.31999969482422,11941867
2025-10-01,22.149999618530273,22.270000457763672,21.43000030517578,21.59000015258789,18743731
2025-10-03,22.209999084472656,22.770000457763672,21.700000762939453,22.200000762939453,16838383
2025-10-06,22.520000457763672,22.950000762939453,22.059999465942383,22.43000030517578,12428354
2025-10-07,22.420000076293945,22.93000030517578,22.149999618530273,22.700000762939453,9438455
2025-10-08,22.440000534057617,22.68000030517578,22.100000381469727,22.68000030517578,10022076
2025-10-09,23.0,23.100000381469727,22.3700008392334,22.3700008392334,9133570
2025-10-10,22.75,23.229999542236328,22.700000762939453,22.799999237060547,11598418
2025-10-13,22.670000076293945,22.979999542236328,22.459999084472656,22.649999618530273,7126748
2025-10-14,22.510000228881836,22.81999969482422,22.190000534057617,22.790000915527344,12124598
2025-10-15,22.65999984741211,22.979999542236328,22.239999771118164,22.489999771118164,8288194
2025-10-16,23.100000381469727,23.200000762939453,22.450000762939453,22.670000076293945,10216660
2025-10-17,23.270000457763672,23.399999618530273,22.899999618530273,22.899999618530273,12768264
2025-10-20,23.09000015258789,23.5,22.799999237060547,23.469999313354492,7975024
2025-10-21,23.219999313354492,23.399999618530273,23.020000457763672,23.079999923706055,1787249
2025-10-23,23.440000534057617,23.579999923706055,22.540000915527344,23.15999984741211,12115402
2025-10-24,23.3799991607666,23.549999237060547,23.149999618530273,23.549999237060547,8219590
2025-10-27,23.649999618530273,23.770000457763672,23.270000457763672,23.3700008392334,8640667
2025-10-28,23.450000762939453,23.739999771118164,23.329999923706055,23.739999771118164,8132122
2025-10-29,23.549999237060547,23.760000228881836,23.190000534057617,23.399999618530273,10064669
2025-10-30,23.809999465942383,23.850000381469727,23.329999923706055,23.3799991607666,11083124
2025-10-31,23.920000076293945,24.049999237060547,23.56999969482422,23.75,13428434
2025-11-03,24.049999237060547,24.200000762939453,23.84000015258789,24.0,14674898
2025-11-04,24.200000762939453,24.459999084472656,24.0,24.200000762939453,12235058
2025-11-05,24.200000762939453,24.200000762939453,24.200000762939453,24.200000762939453,0
2025-11-06,25.1200008392334,25.350000381469727,24.540000915527344,24.75,16704206
2025-11-07,24.610000610351562,25.40999984741211,24.010000228881836,25.229999542236328,12102693
2025-11-10,25.3700008392334,26.0,25.0,25.540000915527344,22550200
2025-11-11,25.1200008392334,25.5,25.010000228881836,25.5,18534876
2025-11-12,25.06999969482422,25.450000762939453,24.860000610351562,25.25,10764231
2025-11-13,24.860000610351562,25.229999542236328,24.780000686645508,25.110000610351562,8937849
2025-11-14,24.600000381469727,24.950000762939453,24.549999237060547,24.809999465942383,8271978
2025-11-17,25.010000228881836,25.459999084472656,24.5,24.690000534057617,12711748
2025-11-18,25.6200008392334,25.799999237060547,24.950000762939453,25.049999237060547,14676207
2025-11-19,25.81999969482422,25.979999542236328,25.600000381469727,25.780000686645508,10330830
2025-11-20,26.299999237060547,26.790000915527344,25.81999969482422,25.90999984741211,24914407
2025-11-21,26.299999237060547,26.59000015258789,26.110000610351562,26.399999618530273,14797661
2025-11-24,26.100000381469727,26.389999389648438,25.299999237060547,26.3700008392334,11416202
2025-11-25,26.100000381469727,26.969999313354492,25.440000534057617,26.969999313354492,13909485
2025-11-26,25.829999923706055,26.25,25.600000381469727,26.170000076293945,9163825
2025-11-27,25.780000686645508,26.25,25.549999237060547,25.889999389648438,13166412
2025-11-28,26.469999313354492,26.6200008392334,25.709999084472656,25.8799991607666,12979755
2025-12-01,26.600000381469727,27.25,26.229999542236328,26.579999923706055,12056517
